时间,收盘价,信号类型,信号模式,高低点,持仓状态,最优动作
2025-08-19 20:00:00,112872.94,BEARISH_SINGULARITY,LONG_MODE,,LONG,开多
2025-08-20 00:00:00,113525.91,BEARISH_SINGULARITY,LONG_MODE,,LONG,继续持多
2025-08-20 04:00:00,113490.13,BEARISH_SINGULARITY,LONG_MODE,,LONG,继续持多
2025-08-20 08:00:00,113666.68,BEARISH_SINGULARITY,LONG_MODE,,LONG,继续持多
2025-08-20 12:00:00,113353.94,BEARISH_SINGULARITY,LONG_MODE,低点,LONG,开多
2025-08-20 16:00:00,114276.66,BEARISH_SINGULARITY,LONG_MODE,高点,NONE,平多
2025-08-20 20:00:00,114271.24,BEARISH_SINGULARITY,LONG_MODE,,NONE,空仓等待
2025-08-21 00:00:00,113954.62,BEARISH_SINGULARITY,LONG_MODE,,NONE,空仓等待
2025-08-21 04:00:00,113896.03,BEARISH_SINGULARITY,LONG_MODE,,NONE,空仓等待
2025-08-21 08:00:00,113148.66,BEARISH_SINGULARITY,LONG_MODE,,NONE,空仓等待
2025-08-21 12:00:00,112792.08,BEARISH_SINGULARITY,LONG_MODE,,NONE,空仓等待
2025-08-21 16:00:00,112193.71,BEARISH_SINGULARITY,LONG_MODE,低点,LONG,开多
2025-08-21 20:00:00,112500.0,BEARISH_SINGULARITY,LONG_MODE,,LONG,继续持多
2025-08-22 00:00:00,112929.24,BEARISH_SINGULARITY,LONG_MODE,,LONG,继续持多
2025-08-22 04:00:00,113094.83,BEARISH_SINGULARITY,LONG_MODE,高点,NONE,平多
2025-08-22 08:00:00,112320.0,BEARISH_SINGULARITY,LONG_MODE,低点,LONG,开多
2025-08-22 16:00:00,116655.79,BEARISH_SINGULARITY,LONG_MODE,,LONG,继续持多
2025-08-22 20:00:00,116935.99,BEARISH_SINGULARITY,LONG_MODE,高点,NONE,平多
2025-08-23 00:00:00,115568.77,BEARISH_SINGULARITY,LONG_MODE,,NONE,空仓等待
2025-08-23 04:00:00,115799.47,BEARISH_SINGULARITY,LONG_MODE,,NONE,空仓等待
2025-08-23 08:00:00,115310.13,BEARISH_SINGULARITY,LONG_MODE,,NONE,空仓等待
2025-08-23 12:00:00,114812.87,BEARISH_SINGULARITY,LONG_MODE,低点,LONG,开多
2025-08-23 16:00:00,115133.91,BEARISH_SINGULARITY,LONG_MODE,,LONG,继续持多
2025-08-23 20:00:00,115438.05,BEARISH_SINGULARITY,LONG_MODE,高点,NONE,平多
2025-08-24 00:00:00,115036.0,BEARISH_SINGULARITY,LONG_MODE,,NONE,空仓等待
2025-08-24 04:00:00,114888.19,BEARISH_SINGULARITY,LONG_MODE,,NONE,空仓等待
2025-08-24 08:00:00,114730.22,BEARISH_SINGULARITY,LONG_MODE,,NONE,空仓等待
2025-08-24 12:00:00,114400.0,BEARISH_SINGULARITY,LONG_MODE,,NONE,空仓等待
2025-08-24 16:00:00,112600.0,BEARISH_SINGULARITY,LONG_MODE,低点,LONG,开多
2025-08-24 20:00:00,113493.59,BEARISH_SINGULARITY,LONG_MODE,,LONG,继续持多
2025-08-25 00:00:00,112916.84,BEARISH_SINGULARITY,LONG_MODE,,LONG,继续持多
2025-08-25 04:00:00,111511.55,BEARISH_SINGULARITY,LONG_MODE,,LONG,继续持多
2025-08-25 08:00:00,111214.97,BEARISH_SINGULARITY,LONG_MODE,,LONG,继续持多
2025-08-25 12:00:00,112200.64,BEARISH_SINGULARITY,LONG_MODE,高点,NONE,平多
2025-08-25 16:00:00,110716.13,BEARISH_SINGULARITY,LONG_MODE,,NONE,空仓等待
2025-08-25 20:00:00,110111.98,BEARISH_SINGULARITY,LONG_MODE,,NONE,空仓等待
2025-08-26 00:00:00,109879.56,BEARISH_SINGULARITY,LONG_MODE,低点,LONG,开多
2025-08-26 04:00:00,110303.2,BEARISH_SINGULARITY,LONG_MODE,,LONG,继续持多
2025-08-26 20:00:00,111763.22,OSCILLATION,NO_TRADE,高点,NONE,平多
2025-08-27 00:00:00,111418.15,BULLISH_SINGULARITY,SHORT_MODE,,SHORT,开空
2025-08-27 04:00:00,110725.18,BULLISH_SINGULARITY,SHORT_MODE,低点,NONE,平空
2025-08-27 08:00:00,111322.07,BULLISH_SINGULARITY,SHORT_MODE,,SHORT,开空
2025-08-27 20:00:00,111262.01,OSCILLATION,NO_TRADE,,SHORT,持空
2025-08-28 00:00:00,112000.01,BEARISH_SINGULARITY,LONG_MODE,,NONE,平空
2025-08-28 04:00:00,113114.11,BEARISH_SINGULARITY,LONG_MODE,高点,NONE,空仓等待
2025-08-28 08:00:00,112909.18,BEARISH_SINGULARITY,LONG_MODE,,NONE,空仓等待
2025-08-28 12:00:00,112678.53,BEARISH_SINGULARITY,LONG_MODE,,NONE,空仓等待
2025-08-28 16:00:00,111901.36,BEARISH_SINGULARITY,LONG_MODE,,NONE,空仓等待
2025-08-28 20:00:00,112566.9,BEARISH_SINGULARITY,LONG_MODE,,NONE,空仓等待
2025-08-29 16:00:00,108212.01,OSCILLATION,NO_TRADE,低点,NONE,空仓
2025-08-29 20:00:00,108377.4,BULLISH_SINGULARITY,SHORT_MODE,,SHORT,开空
2025-08-30 00:00:00,108436.2,BULLISH_SINGULARITY,SHORT_MODE,,SHORT,继续持空
2025-08-30 04:00:00,108524.26,BULLISH_SINGULARITY,SHORT_MODE,,SHORT,继续持空
2025-08-30 08:00:00,108680.01,BULLISH_SINGULARITY,SHORT_MODE,,SHORT,继续持空
2025-08-30 12:00:00,108869.98,BULLISH_SINGULARITY,SHORT_MODE,高点,SHORT,开空
2025-08-30 16:00:00,108828.33,BULLISH_SINGULARITY,SHORT_MODE,,SHORT,继续持空
2025-08-30 20:00:00,108816.33,BULLISH_SINGULARITY,SHORT_MODE,,SHORT,继续持空
2025-08-31 00:00:00,109223.84,BULLISH_SINGULARITY,SHORT_MODE,高点,SHORT,开空
2025-08-31 04:00:00,108708.26,BULLISH_SINGULARITY,SHORT_MODE,,SHORT,继续持空
2025-08-31 08:00:00,108389.76,BULLISH_SINGULARITY,SHORT_MODE,低点,NONE,平空
2025-08-31 12:00:00,108818.69,BULLISH_SINGULARITY,SHORT_MODE,,SHORT,开空
2025-08-31 16:00:00,108930.0,OSCILLATION,NO_TRADE,高点,SHORT,持空
2025-08-31 20:00:00,108246.35,OSCILLATION,NO_TRADE,低点,NONE,平空
2025-09-01 12:00:00,108784.33,OSCILLATION,NO_TRADE,,NONE,空仓
2025-09-01 16:00:00,109217.64,OSCILLATION,NO_TRADE,,NONE,空仓
2025-09-01 20:00:00,109237.42,OSCILLATION,NO_TRADE,,NONE,空仓
2025-09-02 00:00:00,110322.18,BULLISH_SINGULARITY,SHORT_MODE,高点,SHORT,开空
2025-09-02 04:00:00,110233.92,BULLISH_SINGULARITY,SHORT_MODE,,SHORT,继续持空
2025-09-02 08:00:00,109733.34,BULLISH_SINGULARITY,SHORT_MODE,低点,NONE,平空
2025-09-02 20:00:00,111240.01,OSCILLATION,NO_TRADE,高点,NONE,空仓
2025-09-03 00:00:00,111054.01,OSCILLATION,NO_TRADE,,NONE,空仓
2025-09-03 04:00:00,111099.88,OSCILLATION,NO_TRADE,,NONE,空仓
2025-09-03 12:00:00,112222.74,BEARISH_SINGULARITY,LONG_MODE,高点,NONE,空仓等待
2025-09-03 16:00:00,112193.74,BEARISH_SINGULARITY,LONG_MODE,,NONE,空仓等待
2025-09-03 20:00:00,111705.71,BEARISH_SINGULARITY,LONG_MODE,,NONE,空仓等待
2025-09-04 00:00:00,111148.97,BEARISH_SINGULARITY,LONG_MODE,,NONE,空仓等待
2025-09-04 04:00:00,110463.36,BEARISH_SINGULARITY,LONG_MODE,,NONE,空仓等待
2025-09-04 08:00:00,110810.0,BEARISH_SINGULARITY,LONG_MODE,,NONE,空仓等待
2025-09-04 12:00:00,109510.31,BEARISH_SINGULARITY,LONG_MODE,低点,LONG,开多
2025-09-04 16:00:00,109799.99,BEARISH_SINGULARITY,LONG_MODE,,LONG,继续持多
2025-09-04 20:00:00,110730.87,BEARISH_SINGULARITY,LONG_MODE,,LONG,继续持多
2025-09-05 00:00:00,111311.77,BEARISH_SINGULARITY,LONG_MODE,,LONG,继续持多
2025-09-05 04:00:00,112954.32,BEARISH_SINGULARITY,LONG_MODE,高点,NONE,平多
2025-09-05 08:00:00,112354.0,OSCILLATION,NO_TRADE,,NONE,空仓
2025-09-05 12:00:00,110716.82,OSCILLATION,NO_TRADE,,NONE,空仓
2025-09-05 16:00:00,111614.54,OSCILLATION,NO_TRADE,,NONE,空仓
2025-09-05 20:00:00,110659.99,OSCILLATION,NO_TRADE,低点,NONE,空仓
2025-09-06 04:00:00,110825.6,BEARISH_SINGULARITY,LONG_MODE,,NONE,空仓等待
2025-09-06 08:00:00,110781.02,BEARISH_SINGULARITY,LONG_MODE,,NONE,空仓等待
2025-09-06 12:00:00,110384.15,BEARISH_SINGULARITY,LONG_MODE,,NONE,空仓等待
2025-09-06 16:00:00,110038.41,BEARISH_SINGULARITY,LONG_MODE,低点,LONG,开多
2025-09-06 20:00:00,110187.97,BEARISH_SINGULARITY,LONG_MODE,,LONG,继续持多
2025-09-07 00:00:00,110629.15,BEARISH_SINGULARITY,LONG_MODE,,LONG,继续持多
2025-09-07 12:00:00,111329.99,OSCILLATION,NO_TRADE,高点,NONE,平多
2025-09-07 16:00:00,111259.99,OSCILLATION,NO_TRADE,,NONE,空仓
2025-09-07 20:00:00,111137.34,BULLISH_SINGULARITY,SHORT_MODE,,SHORT,开空
2025-09-08 00:00:00,111052.11,BULLISH_SINGULARITY,SHORT_MODE,低点,NONE,平空
2025-09-08 04:00:00,111280.39,BULLISH_SINGULARITY,SHORT_MODE,,SHORT,开空
2025-09-08 08:00:00,112052.43,BULLISH_SINGULARITY,SHORT_MODE,,SHORT,继续持空
2025-09-08 12:00:00,112631.75,BULLISH_SINGULARITY,SHORT_MODE,高点,SHORT,开空
2025-09-08 16:00:00,112097.31,BULLISH_SINGULARITY,SHORT_MODE,,SHORT,继续持空
2025-09-08 20:00:00,112065.23,BULLISH_SINGULARITY,SHORT_MODE,,SHORT,继续持空
2025-09-09 00:00:00,111708.0,BULLISH_SINGULARITY,SHORT_MODE,低点,NONE,平空
2025-09-09 04:00:00,112991.11,BULLISH_SINGULARITY,SHORT_MODE,高点,SHORT,开空
2025-09-09 08:00:00,112433.59,BULLISH_SINGULARITY,SHORT_MODE,,SHORT,继续持空
2025-09-09 12:00:00,110880.76,BULLISH_SINGULARITY,SHORT_MODE,低点,NONE,平空
2025-09-09 16:00:00,111301.53,BULLISH_SINGULARITY,SHORT_MODE,,SHORT,开空
2025-09-11 04:00:00,114083.58,OSCILLATION,NO_TRADE,,SHORT,持空
2025-09-11 08:00:00,113999.99,OSCILLATION,NO_TRADE,,SHORT,持空
2025-09-12 20:00:00,116029.42,OSCILLATION,NO_TRADE,高点,SHORT,持空
2025-09-13 00:00:00,115957.0,BULLISH_SINGULARITY,SHORT_MODE,,SHORT,继续持空
2025-09-13 04:00:00,115778.71,BULLISH_SINGULARITY,SHORT_MODE,,SHORT,继续持空
2025-09-13 08:00:00,115974.11,BULLISH_SINGULARITY,SHORT_MODE,高点,SHORT,开空
2025-09-13 12:00:00,115768.68,BULLISH_SINGULARITY,SHORT_MODE,低点,NONE,平空
2025-09-13 16:00:00,115797.12,BULLISH_SINGULARITY,SHORT_MODE,,SHORT,开空
2025-09-13 20:00:00,115918.29,BULLISH_SINGULARITY,SHORT_MODE,,SHORT,继续持空
2025-09-17 08:00:00,116258.13,OSCILLATION,NO_TRADE,,SHORT,持空
2025-09-18 16:00:00,117450.21,LOW_OSCILLATION,LONG_MODE,高点,NONE,平空
2025-09-18 20:00:00,117073.53,BULLISH_SINGULARITY,SHORT_MODE,,SHORT,开空
2025-09-19 00:00:00,116977.58,BULLISH_SINGULARITY,SHORT_MODE,,SHORT,继续持空
2025-09-19 04:00:00,116909.97,BULLISH_SINGULARITY,SHORT_MODE,,SHORT,继续持空
2025-09-19 08:00:00,116394.72,BULLISH_SINGULARITY,SHORT_MODE,,SHORT,继续持空
2025-09-19 12:00:00,115884.03,BULLISH_SINGULARITY,SHORT_MODE,,SHORT,继续持空
2025-09-19 16:00:00,115125.12,BULLISH_SINGULARITY,SHORT_MODE,低点,NONE,平空
2025-09-19 20:00:00,115632.38,BULLISH_SINGULARITY,SHORT_MODE,,SHORT,开空
2025-09-20 00:00:00,115445.0,BULLISH_SINGULARITY,SHORT_MODE,,SHORT,继续持空
2025-09-20 04:00:00,115968.56,BULLISH_SINGULARITY,SHORT_MODE,,SHORT,继续持空
2025-09-20 08:00:00,115894.06,BULLISH_SINGULARITY,SHORT_MODE,,SHORT,继续持空
2025-09-20 12:00:00,115986.69,BULLISH_SINGULARITY,SHORT_MODE,高点,SHORT,开空
2025-09-20 16:00:00,115702.0,BULLISH_SINGULARITY,SHORT_MODE,,SHORT,继续持空
2025-09-20 20:00:00,115685.63,BULLISH_SINGULARITY,SHORT_MODE,,SHORT,继续持空
2025-09-21 00:00:00,115669.41,BULLISH_SINGULARITY,SHORT_MODE,,SHORT,继续持空
2025-09-21 04:00:00,115815.97,BULLISH_SINGULARITY,SHORT_MODE,高点,SHORT,开空
2025-09-21 08:00:00,115603.45,BULLISH_SINGULARITY,SHORT_MODE,,SHORT,继续持空
2025-09-21 12:00:00,115531.61,BULLISH_SINGULARITY,SHORT_MODE,,SHORT,继续持空
2025-09-21 16:00:00,115480.05,BULLISH_SINGULARITY,SHORT_MODE,,SHORT,继续持空
2025-09-21 20:00:00,115232.29,BULLISH_SINGULARITY,SHORT_MODE,,SHORT,继续持空
2025-09-22 00:00:00,114649.89,BULLISH_SINGULARITY,SHORT_MODE,,SHORT,继续持空
2025-09-22 12:00:00,112815.5,OSCILLATION,NO_TRADE,,SHORT,持空
2025-09-22 16:00:00,112122.9,OSCILLATION,NO_TRADE,低点,NONE,平空
2025-09-22 20:00:00,112650.99,OSCILLATION,NO_TRADE,,NONE,空仓
2025-09-23 08:00:00,112975.99,BULLISH_SINGULARITY,SHORT_MODE,高点,SHORT,开空
2025-09-23 12:00:00,112882.19,BULLISH_SINGULARITY,SHORT_MODE,,SHORT,继续持空
2025-09-23 16:00:00,111655.29,BULLISH_SINGULARITY,SHORT_MODE,低点,NONE,平空
2025-09-23 20:00:00,111998.8,BULLISH_SINGULARITY,SHORT_MODE,,SHORT,开空
2025-09-24 12:00:00,113346.41,OSCILLATION,NO_TRADE,,SHORT,持空
2025-09-24 16:00:00,113420.01,OSCILLATION,NO_TRADE,高点,SHORT,持空
2025-09-24 20:00:00,113307.0,OSCILLATION,NO_TRADE,,SHORT,持空
2025-09-25 00:00:00,112546.21,OSCILLATION,NO_TRADE,,SHORT,持空
2025-09-25 04:00:00,111766.72,OSCILLATION,NO_TRADE,,SHORT,持空
2025-09-25 12:00:00,111580.77,BEARISH_SINGULARITY,LONG_MODE,,NONE,平空
2025-09-25 16:00:00,109360.0,BEARISH_SINGULARITY,LONG_MODE,,NONE,空仓等待
2025-09-25 20:00:00,108994.49,BEARISH_SINGULARITY,LONG_MODE,低点,LONG,开多
2025-09-26 00:00:00,109580.01,BEARISH_SINGULARITY,LONG_MODE,高点,NONE,平多
2025-09-26 04:00:00,109320.02,BEARISH_SINGULARITY,LONG_MODE,,NONE,空仓等待
2025-09-26 16:00:00,109172.2,OSCILLATION,NO_TRADE,低点,NONE,空仓
2025-09-26 20:00:00,109643.46,OSCILLATION,NO_TRADE,高点,NONE,空仓
2025-09-27 00:00:00,109553.77,OSCILLATION,NO_TRADE,,NONE,空仓
2025-09-27 04:00:00,109411.2,OSCILLATION,NO_TRADE,,NONE,空仓
2025-09-27 08:00:00,109310.21,OSCILLATION,NO_TRADE,低点,NONE,空仓
2025-09-27 12:00:00,109402.24,OSCILLATION,NO_TRADE,,NONE,空仓
2025-09-27 16:00:00,109424.2,OSCILLATION,NO_TRADE,,NONE,空仓
2025-09-27 20:00:00,109635.85,OSCILLATION,NO_TRADE,,NONE,空仓
2025-09-29 08:00:00,112100.0,BEARISH_SINGULARITY,LONG_MODE,,NONE,空仓等待
2025-09-29 12:00:00,113815.57,BEARISH_SINGULARITY,LONG_MODE,,NONE,空仓等待
2025-09-29 16:00:00,114265.55,BEARISH_SINGULARITY,LONG_MODE,,NONE,空仓等待
2025-09-29 20:00:00,114311.96,BEARISH_SINGULARITY,LONG_MODE,,NONE,空仓等待
2025-09-30 00:00:00,114376.39,BEARISH_SINGULARITY,LONG_MODE,高点,NONE,空仓等待
2025-09-30 04:00:00,113699.23,BEARISH_SINGULARITY,LONG_MODE,,NONE,空仓等待
2025-09-30 08:00:00,113055.01,BEARISH_SINGULARITY,LONG_MODE,低点,LONG,开多
2025-09-30 12:00:00,113106.16,BEARISH_SINGULARITY,LONG_MODE,,LONG,继续持多
2025-09-30 16:00:00,114359.99,BEARISH_SINGULARITY,LONG_MODE,高点,NONE,平多
2025-09-30 20:00:00,114048.93,BEARISH_SINGULARITY,LONG_MODE,,NONE,空仓等待
2025-10-01 00:00:00,114176.92,BEARISH_SINGULARITY,LONG_MODE,,NONE,空仓等待
2025-10-01 04:00:00,114539.02,BEARISH_SINGULARITY,LONG_MODE,,NONE,空仓等待
2025-10-01 08:00:00,116789.58,BEARISH_SINGULARITY,LONG_MODE,,NONE,空仓等待
2025-10-01 12:00:00,117423.73,BEARISH_SINGULARITY,LONG_MODE,,NONE,空仓等待
2025-10-01 16:00:00,117439.53,BEARISH_SINGULARITY,LONG_MODE,,NONE,空仓等待
2025-10-01 20:00:00,118594.99,BEARISH_SINGULARITY,LONG_MODE,,NONE,空仓等待
2025-10-02 00:00:00,118733.99,BEARISH_SINGULARITY,LONG_MODE,,NONE,空仓等待
2025-10-02 04:00:00,118489.76,BEARISH_SINGULARITY,LONG_MODE,低点,LONG,开多
2025-10-02 08:00:00,118765.73,BEARISH_SINGULARITY,LONG_MODE,,LONG,继续持多
2025-10-02 12:00:00,119910.78,BEARISH_SINGULARITY,LONG_MODE,,LONG,继续持多
2025-10-02 16:00:00,120836.49,BEARISH_SINGULARITY,LONG_MODE,高点,NONE,平多
2025-10-02 20:00:00,120529.35,BEARISH_SINGULARITY,LONG_MODE,,NONE,空仓等待
2025-10-03 00:00:00,120225.89,BEARISH_SINGULARITY,LONG_MODE,,NONE,空仓等待
2025-10-03 04:00:00,119640.21,BEARISH_SINGULARITY,LONG_MODE,低点,LONG,开多
2025-10-03 08:00:00,120334.5,BEARISH_SINGULARITY,LONG_MODE,,LONG,继续持多
2025-10-03 12:00:00,122258.05,BEARISH_SINGULARITY,LONG_MODE,,LONG,继续持多
2025-10-03 16:00:00,122660.99,BEARISH_SINGULARITY,LONG_MODE,高点,NONE,平多
2025-10-03 20:00:00,122232.0,BEARISH_SINGULARITY,LONG_MODE,,NONE,空仓等待
2025-10-04 04:00:00,122324.08,OSCILLATION,NO_TRADE,,NONE,空仓
2025-10-04 08:00:00,121973.26,OSCILLATION,NO_TRADE,,NONE,空仓
2025-10-04 12:00:00,121791.31,OSCILLATION,NO_TRADE,低点,NONE,空仓
2025-10-04 16:00:00,121959.25,OSCILLATION,NO_TRADE,,NONE,空仓
2025-10-04 20:00:00,122391.0,OSCILLATION,NO_TRADE,,NONE,空仓
2025-10-05 00:00:00,123776.22,OSCILLATION,NO_TRADE,,NONE,空仓
2025-10-05 04:00:00,124713.63,OSCILLATION,NO_TRADE,高点,NONE,空仓
2025-10-05 08:00:00,123464.64,OSCILLATION,NO_TRADE,,NONE,空仓
2025-10-05 12:00:00,122803.17,OSCILLATION,NO_TRADE,,NONE,空仓
2025-10-05 16:00:00,122591.79,OSCILLATION,NO_TRADE,低点,NONE,空仓
2025-10-05 20:00:00,123482.31,OSCILLATION,NO_TRADE,,NONE,空仓
2025-10-06 00:00:00,123839.09,OSCILLATION,NO_TRADE,,NONE,空仓
2025-10-06 04:00:00,123390.47,OSCILLATION,NO_TRADE,低点,NONE,空仓
2025-10-06 08:00:00,124215.0,OSCILLATION,NO_TRADE,,NONE,空仓
2025-10-06 16:00:00,125410.81,BULLISH_SINGULARITY,SHORT_MODE,高点,SHORT,开空
2025-10-06 20:00:00,124658.54,BULLISH_SINGULARITY,SHORT_MODE,,SHORT,继续持空
2025-10-07 00:00:00,124329.74,BULLISH_SINGULARITY,SHORT_MODE,,SHORT,继续持空
2025-10-07 04:00:00,123667.99,BULLISH_SINGULARITY,SHORT_MODE,,SHORT,继续持空
2025-10-07 08:00:00,124453.38,BULLISH_SINGULARITY,SHORT_MODE,高点,SHORT,开空
2025-10-07 12:00:00,121846.01,BULLISH_SINGULARITY,SHORT_MODE,,SHORT,继续持空
2025-10-07 16:00:00,121637.17,BULLISH_SINGULARITY,SHORT_MODE,,SHORT,继续持空
2025-10-07 20:00:00,121332.95,BULLISH_SINGULARITY,SHORT_MODE,低点,NONE,平空
2025-10-08 00:00:00,121374.75,BULLISH_SINGULARITY,SHORT_MODE,,SHORT,开空
2025-10-08 04:00:00,121597.06,BULLISH_SINGULARITY,SHORT_MODE,,SHORT,继续持空
2025-10-08 08:00:00,122884.14,BULLISH_SINGULARITY,SHORT_MODE,,SHORT,继续持空
2025-10-08 12:00:00,122189.72,BULLISH_SINGULARITY,SHORT_MODE,,SHORT,继续持空
2025-10-08 16:00:00,123450.0,BULLISH_SINGULARITY,SHORT_MODE,高点,SHORT,开空
2025-10-08 20:00:00,123306.0,BULLISH_SINGULARITY,SHORT_MODE,,SHORT,继续持空
2025-10-09 00:00:00,122038.01,BULLISH_SINGULARITY,SHORT_MODE,,SHORT,继续持空
2025-10-09 04:00:00,121906.1,BULLISH_SINGULARITY,SHORT_MODE,,SHORT,继续持空
2025-10-09 08:00:00,122737.57,BULLISH_SINGULARITY,SHORT_MODE,高点,SHORT,开空
2025-10-09 12:00:00,121147.14,BULLISH_SINGULARITY,SHORT_MODE,,SHORT,继续持空
2025-10-09 16:00:00,120951.72,BULLISH_SINGULARITY,SHORT_MODE,低点,NONE,平空
2025-10-09 20:00:00,121662.4,BULLISH_SINGULARITY,SHORT_MODE,高点,SHORT,开空
2025-10-10 00:00:00,121026.01,BULLISH_SINGULARITY,SHORT_MODE,,SHORT,继续持空
2025-10-10 04:00:00,120932.05,BULLISH_SINGULARITY,SHORT_MODE,,SHORT,继续持空
2025-10-10 08:00:00,121554.55,BULLISH_SINGULARITY,SHORT_MODE,高点,SHORT,开空
2025-10-10 12:00:00,119018.98,BULLISH_SINGULARITY,SHORT_MODE,,SHORT,继续持空
2025-10-10 16:00:00,116661.5,BULLISH_SINGULARITY,SHORT_MODE,,SHORT,继续持空
2025-10-10 20:00:00,112774.5,BULLISH_SINGULARITY,SHORT_MODE,,SHORT,继续持空
2025-10-11 00:00:00,112300.01,BULLISH_SINGULARITY,SHORT_MODE,,SHORT,继续持空
2025-10-11 04:00:00,110384.61,BULLISH_SINGULARITY,SHORT_MODE,低点,NONE,平空
2025-10-11 08:00:00,112280.0,BULLISH_SINGULARITY,SHORT_MODE,,SHORT,开空
2025-10-11 12:00:00,111793.2,BULLISH_SINGULARITY,SHORT_MODE,,SHORT,继续持空
2025-10-11 16:00:00,111178.31,BULLISH_SINGULARITY,SHORT_MODE,,SHORT,继续持空
2025-10-11 20:00:00,110644.4,BULLISH_SINGULARITY,SHORT_MODE,低点,NONE,平空
2025-10-12 00:00:00,110676.0,BULLISH_SINGULARITY,SHORT_MODE,,SHORT,开空
2025-10-12 04:00:00,111525.2,BULLISH_SINGULARITY,SHORT_MODE,,SHORT,继续持空
2025-10-12 08:00:00,111848.36,BULLISH_SINGULARITY,SHORT_MODE,,SHORT,继续持空
2025-10-12 12:00:00,113198.2,BULLISH_SINGULARITY,SHORT_MODE,,SHORT,继续持空
2025-10-12 16:00:00,114342.28,BULLISH_SINGULARITY,SHORT_MODE,,SHORT,继续持空
2025-10-12 20:00:00,114958.8,BULLISH_SINGULARITY,SHORT_MODE,,SHORT,继续持空
2025-10-13 00:00:00,114821.12,BULLISH_SINGULARITY,SHORT_MODE,,SHORT,继续持空
2025-10-13 04:00:00,115399.67,BULLISH_SINGULARITY,SHORT_MODE,,SHORT,继续持空
2025-10-13 12:00:00,114312.1,OSCILLATION,NO_TRADE,,SHORT,持空
2025-10-13 16:00:00,115792.84,OSCILLATION,NO_TRADE,高点,SHORT,持空
2025-10-14 08:00:00,111313.98,BEARISH_SINGULARITY,LONG_MODE,低点,NONE,平空
2025-10-14 12:00:00,112900.43,BEARISH_SINGULARITY,LONG_MODE,,NONE,空仓等待
2025-10-14 16:00:00,112613.7,BEARISH_SINGULARITY,LONG_MODE,,NONE,空仓等待
2025-10-15 04:00:00,112584.5,OSCILLATION,NO_TRADE,,NONE,空仓
2025-10-15 08:00:00,111905.73,OSCILLATION,NO_TRADE,,NONE,空仓
2025-10-15 12:00:00,110798.01,OSCILLATION,NO_TRADE,,NONE,空仓
2025-10-15 16:00:00,111271.73,OSCILLATION,NO_TRADE,,NONE,空仓
2025-10-15 20:00:00,110763.28,OSCILLATION,NO_TRADE,,NONE,空仓
2025-10-16 00:00:00,111329.48,BEARISH_SINGULARITY,LONG_MODE,,NONE,空仓等待
2025-10-16 04:00:00,110584.2,BEARISH_SINGULARITY,LONG_MODE,,NONE,空仓等待
2025-10-16 08:00:00,111404.72,BEARISH_SINGULARITY,LONG_MODE,高点,NONE,空仓等待
2025-10-16 12:00:00,108549.21,BEARISH_SINGULARITY,LONG_MODE,,NONE,空仓等待
2025-10-16 16:00:00,108197.66,BEARISH_SINGULARITY,LONG_MODE,,NONE,空仓等待
2025-10-16 20:00:00,108194.28,BEARISH_SINGULARITY,LONG_MODE,,NONE,空仓等待
2025-10-17 00:00:00,109176.74,BEARISH_SINGULARITY,LONG_MODE,高点,NONE,空仓等待
2025-10-17 04:00:00,105633.75,BEARISH_SINGULARITY,LONG_MODE,低点,LONG,开多
2025-10-17 08:00:00,105683.72,BEARISH_SINGULARITY,LONG_MODE,,LONG,继续持多
2025-10-17 12:00:00,106803.53,BEARISH_SINGULARITY,LONG_MODE,高点,NONE,平多
2025-10-17 16:00:00,106454.72,BEARISH_SINGULARITY,LONG_MODE,,NONE,空仓等待
2025-10-17 20:00:00,106431.68,BEARISH_SINGULARITY,LONG_MODE,低点,LONG,开多
2025-10-18 00:00:00,107070.4,BEARISH_SINGULARITY,LONG_MODE,,LONG,继续持多
2025-10-18 04:00:00,106665.0,BEARISH_SINGULARITY,LONG_MODE,,LONG,继续持多
2025-10-18 08:00:00,107208.6,BEARISH_SINGULARITY,LONG_MODE,高点,NONE,平多
2025-10-18 12:00:00,106948.75,BEARISH_SINGULARITY,LONG_MODE,,NONE,空仓等待
2025-10-18 16:00:00,107080.14,BEARISH_SINGULARITY,LONG_MODE,,NONE,空仓等待
2025-10-18 20:00:00,107185.01,BEARISH_SINGULARITY,LONG_MODE,,NONE,空仓等待
2025-10-19 00:00:00,107275.78,BEARISH_SINGULARITY,LONG_MODE,,NONE,空仓等待
2025-10-19 04:00:00,106786.0,BEARISH_SINGULARITY,LONG_MODE,低点,LONG,开多
2025-10-19 08:00:00,107783.47,BEARISH_SINGULARITY,LONG_MODE,,LONG,继续持多
2025-10-19 12:00:00,108486.7,BEARISH_SINGULARITY,LONG_MODE,,LONG,继续持多
2025-10-19 16:00:00,108908.43,BEARISH_SINGULARITY,LONG_MODE,,LONG,继续持多
2025-10-19 20:00:00,108642.78,BEARISH_SINGULARITY,LONG_MODE,,LONG,继续持多
2025-10-20 00:00:00,110145.44,BEARISH_SINGULARITY,LONG_MODE,,LONG,继续持多
2025-10-20 04:00:00,111169.92,BEARISH_SINGULARITY,LONG_MODE,高点,NONE,平多
2025-10-20 08:00:00,111016.75,BEARISH_SINGULARITY,LONG_MODE,,NONE,空仓等待
2025-10-20 12:00:00,111144.55,BEARISH_SINGULARITY,LONG_MODE,,NONE,空仓等待
2025-10-20 16:00:00,110803.22,BEARISH_SINGULARITY,LONG_MODE,,NONE,空仓等待
2025-10-20 20:00:00,110532.09,BEARISH_SINGULARITY,LONG_MODE,,NONE,空仓等待
2025-10-21 00:00:00,109059.22,BEARISH_SINGULARITY,LONG_MODE,,NONE,空仓等待
2025-10-21 04:00:00,108086.37,BEARISH_SINGULARITY,LONG_MODE,低点,LONG,开多
2025-10-21 08:00:00,108580.01,BEARISH_SINGULARITY,LONG_MODE,,LONG,继续持多
2025-10-21 12:00:00,113422.61,BEARISH_SINGULARITY,LONG_MODE,高点,NONE,平多
2025-10-21 16:00:00,111780.39,BEARISH_SINGULARITY,LONG_MODE,,NONE,空仓等待
2025-10-21 20:00:00,108297.67,BEARISH_SINGULARITY,LONG_MODE,,NONE,空仓等待
2025-10-22 00:00:00,108216.02,BEARISH_SINGULARITY,LONG_MODE,,NONE,空仓等待
2025-10-22 04:00:00,108321.63,BEARISH_SINGULARITY,LONG_MODE,高点,NONE,空仓等待
2025-10-22 16:00:00,107870.35,OSCILLATION,NO_TRADE,,NONE,空仓
2025-10-22 20:00:00,107567.44,OSCILLATION,NO_TRADE,低点,NONE,空仓
2025-10-23 00:00:00,108377.96,OSCILLATION,NO_TRADE,,NONE,空仓
2025-10-23 04:00:00,109269.9,OSCILLATION,NO_TRADE,,NONE,空仓
2025-10-23 08:00:00,109253.89,OSCILLATION,NO_TRADE,,NONE,空仓
2025-10-23 12:00:00,109908.28,OSCILLATION,NO_TRADE,,NONE,空仓
2025-10-23 16:00:00,110200.0,OSCILLATION,NO_TRADE,,NONE,空仓
2025-10-23 20:00:00,110078.18,OSCILLATION,NO_TRADE,,NONE,空仓
2025-10-24 00:00:00,110441.46,OSCILLATION,NO_TRADE,,NONE,空仓
2025-10-24 04:00:00,111054.61,OSCILLATION,NO_TRADE,,NONE,空仓
2025-10-24 08:00:00,111066.29,OSCILLATION,NO_TRADE,高点,NONE,空仓
2025-10-24 12:00:00,110046.91,OSCILLATION,NO_TRADE,低点,NONE,空仓
2025-10-24 16:00:00,110615.07,OSCILLATION,NO_TRADE,,NONE,空仓
2025-10-24 20:00:00,111004.89,OSCILLATION,NO_TRADE,,NONE,空仓
2025-10-25 00:00:00,111029.99,OSCILLATION,NO_TRADE,,NONE,空仓
2025-10-25 04:00:00,111489.6,OSCILLATION,NO_TRADE,,NONE,空仓
2025-10-25 08:00:00,111563.81,OSCILLATION,NO_TRADE,,NONE,空仓
2025-10-25 12:00:00,111385.18,OSCILLATION,NO_TRADE,低点,NONE,空仓
2025-10-25 16:00:00,111623.45,BULLISH_SINGULARITY,SHORT_MODE,,SHORT,开空
2025-10-25 20:00:00,111646.27,BULLISH_SINGULARITY,SHORT_MODE,,SHORT,继续持空
2025-10-26 00:00:00,111260.46,BULLISH_SINGULARITY,SHORT_MODE,低点,NONE,平空
2025-10-26 04:00:00,111723.98,BULLISH_SINGULARITY,SHORT_MODE,,SHORT,开空
2025-10-26 08:00:00,113286.09,BULLISH_SINGULARITY,SHORT_MODE,,SHORT,继续持空
2025-10-27 04:00:00,115554.6,OSCILLATION,NO_TRADE,高点,SHORT,持空
2025-10-27 12:00:00,114969.68,BEARISH_SINGULARITY,LONG_MODE,,NONE,平空
2025-10-27 16:00:00,114942.64,BEARISH_SINGULARITY,LONG_MODE,,NONE,空仓等待
2025-10-27 20:00:00,114107.65,BEARISH_SINGULARITY,LONG_MODE,,NONE,空仓等待
2025-10-28 00:00:00,113908.24,BEARISH_SINGULARITY,LONG_MODE,低点,LONG,开多
2025-10-28 04:00:00,114188.37,BEARISH_SINGULARITY,LONG_MODE,,LONG,继续持多
2025-10-28 08:00:00,114357.73,BEARISH_SINGULARITY,LONG_MODE,高点,NONE,平多
2025-10-28 20:00:00,112898.45,OSCILLATION,NO_TRADE,,NONE,空仓
2025-10-29 00:00:00,112523.49,OSCILLATION,NO_TRADE,低点,NONE,空仓
2025-10-29 04:00:00,113577.9,BULLISH_SINGULARITY,SHORT_MODE,高点,SHORT,开空
2025-10-29 08:00:00,113132.36,BULLISH_SINGULARITY,SHORT_MODE,,SHORT,继续持空
2025-10-29 12:00:00,111509.74,BULLISH_SINGULARITY,SHORT_MODE,,SHORT,继续持空
2025-10-29 16:00:00,110640.0,BULLISH_SINGULARITY,SHORT_MODE,,SHORT,继续持空
2025-10-29 20:00:00,110021.29,BULLISH_SINGULARITY,SHORT_MODE,低点,NONE,平空
2025-10-30 00:00:00,110751.47,BULLISH_SINGULARITY,SHORT_MODE,,SHORT,开空
2025-10-30 04:00:00,111366.72,BULLISH_SINGULARITY,SHORT_MODE,高点,SHORT,开空
2025-10-30 08:00:00,109717.29,BULLISH_SINGULARITY,SHORT_MODE,,SHORT,继续持空
2025-10-30 12:00:00,107711.56,BULLISH_SINGULARITY,SHORT_MODE,,SHORT,继续持空
2025-10-30 16:00:00,106536.39,BULLISH_SINGULARITY,SHORT_MODE,低点,NONE,平空
2025-10-30 20:00:00,108322.88,BULLISH_SINGULARITY,SHORT_MODE,,SHORT,开空
2025-10-31 00:00:00,109227.86,BULLISH_SINGULARITY,SHORT_MODE,,SHORT,继续持空
2025-10-31 04:00:00,109449.31,BULLISH_SINGULARITY,SHORT_MODE,,SHORT,继续持空
2025-10-31 08:00:00,110415.61,BULLISH_SINGULARITY,SHORT_MODE,高点,SHORT,开空
2025-10-31 12:00:00,110202.9,BULLISH_SINGULARITY,SHORT_MODE,,SHORT,继续持空
2025-10-31 16:00:00,109828.78,BULLISH_SINGULARITY,SHORT_MODE,,SHORT,继续持空
2025-10-31 20:00:00,109608.01,BULLISH_SINGULARITY,SHORT_MODE,低点,NONE,平空
2025-11-01 00:00:00,110226.37,BULLISH_SINGULARITY,SHORT_MODE,高点,SHORT,开空
2025-11-01 04:00:00,110071.4,BULLISH_SINGULARITY,SHORT_MODE,,SHORT,继续持空
2025-11-01 08:00:00,110137.59,BULLISH_SINGULARITY,SHORT_MODE,,SHORT,继续持空
2025-11-01 12:00:00,110310.65,BULLISH_SINGULARITY,SHORT_MODE,高点,SHORT,开空
2025-11-01 16:00:00,110299.99,BULLISH_SINGULARITY,SHORT_MODE,,SHORT,继续持空
2025-11-01 20:00:00,110098.1,BULLISH_SINGULARITY,SHORT_MODE,低点,NONE,平空
2025-11-02 04:00:00,110895.53,OSCILLATION,NO_TRADE,,NONE,空仓
2025-11-02 08:00:00,111196.99,OSCILLATION,NO_TRADE,高点,NONE,空仓
2025-11-02 12:00:00,110117.48,OSCILLATION,NO_TRADE,低点,NONE,空仓
2025-11-02 16:00:00,110180.84,OSCILLATION,NO_TRADE,,NONE,空仓
2025-11-02 20:00:00,110540.68,OSCILLATION,NO_TRADE,高点,NONE,空仓
2025-11-03 00:00:00,107937.45,OSCILLATION,NO_TRADE,,NONE,空仓
2025-11-03 04:00:00,107468.23,OSCILLATION,NO_TRADE,,NONE,空仓
2025-11-03 08:00:00,107787.42,OSCILLATION,NO_TRADE,,NONE,空仓
2025-11-04 08:00:00,104584.76,OSCILLATION,NO_TRADE,,NONE,空仓
2025-11-04 12:00:00,103197.01,OSCILLATION,NO_TRADE,,NONE,空仓
2025-11-04 16:00:00,100542.64,OSCILLATION,NO_TRADE,低点,NONE,空仓
2025-11-04 20:00:00,101497.22,OSCILLATION,NO_TRADE,,NONE,空仓
2025-11-05 00:00:00,102130.0,BULLISH_SINGULARITY,SHORT_MODE,高点,SHORT,开空
2025-11-05 04:00:00,101993.02,BULLISH_SINGULARITY,SHORT_MODE,,SHORT,继续持空
2025-11-05 08:00:00,102070.61,BULLISH_SINGULARITY,SHORT_MODE,,SHORT,继续持空
2025-11-05 12:00:00,103728.3,BULLISH_SINGULARITY,SHORT_MODE,,SHORT,继续持空
2025-11-05 16:00:00,104008.09,BULLISH_SINGULARITY,SHORT_MODE,高点,SHORT,开空
2025-11-05 20:00:00,103885.16,BULLISH_SINGULARITY,SHORT_MODE,,SHORT,继续持空
2025-11-06 00:00:00,103636.03,BULLISH_SINGULARITY,SHORT_MODE,,SHORT,继续持空
2025-11-06 04:00:00,103185.48,BULLISH_SINGULARITY,SHORT_MODE,,SHORT,继续持空
2025-11-06 16:00:00,101388.81,OSCILLATION,NO_TRADE,,SHORT,持空
2025-11-06 20:00:00,101346.04,OSCILLATION,NO_TRADE,低点,NONE,平空
2025-11-07 00:00:00,101916.29,OSCILLATION,NO_TRADE,,NONE,空仓
2025-11-07 04:00:00,102010.0,BEARISH_SINGULARITY,LONG_MODE,高点,NONE,空仓等待
2025-11-07 08:00:00,100411.89,BEARISH_SINGULARITY,LONG_MODE,低点,LONG,开多
2025-11-07 12:00:00,100797.95,BEARISH_SINGULARITY,LONG_MODE,,LONG,继续持多
2025-11-07 16:00:00,103395.25,BEARISH_SINGULARITY,LONG_MODE,高点,NONE,平多
2025-11-07 20:00:00,103339.08,BEARISH_SINGULARITY,LONG_MODE,,NONE,空仓等待
2025-11-08 00:00:00,102592.76,BEARISH_SINGULARITY,LONG_MODE,,NONE,空仓等待
2025-11-08 04:00:00,102352.96,BEARISH_SINGULARITY,LONG_MODE,,NONE,空仓等待
2025-11-08 08:00:00,101857.1,BEARISH_SINGULARITY,LONG_MODE,,NONE,空仓等待
2025-11-08 12:00:00,101711.45,BEARISH_SINGULARITY,LONG_MODE,低点,LONG,开多
2025-11-08 16:00:00,101989.65,BEARISH_SINGULARITY,LONG_MODE,,LONG,继续持多
2025-11-08 20:00:00,102312.94,BEARISH_SINGULARITY,LONG_MODE,高点,NONE,平多
2025-11-09 00:00:00,101662.05,BEARISH_SINGULARITY,LONG_MODE,低点,LONG,开多
2025-11-09 04:00:00,101944.59,BEARISH_SINGULARITY,LONG_MODE,,LONG,继续持多
2025-11-09 08:00:00,102239.41,BEARISH_SINGULARITY,LONG_MODE,,LONG,继续持多
2025-11-09 12:00:00,103762.17,BEARISH_SINGULARITY,LONG_MODE,,LONG,继续持多
2025-11-09 16:00:00,104805.57,BEARISH_SINGULARITY,LONG_MODE,,LONG,继续持多
2025-11-09 20:00:00,104722.96,BEARISH_SINGULARITY,LONG_MODE,,LONG,继续持多
2025-11-10 00:00:00,106027.97,BEARISH_SINGULARITY,LONG_MODE,,LONG,继续持多
2025-11-10 04:00:00,106461.45,BEARISH_SINGULARITY,LONG_MODE,高点,NONE,平多
2025-11-10 08:00:00,106176.5,BEARISH_SINGULARITY,LONG_MODE,,NONE,空仓等待
2025-11-10 12:00:00,105079.99,BEARISH_SINGULARITY,LONG_MODE,低点,LONG,开多
2025-11-10 16:00:00,105817.99,BEARISH_SINGULARITY,LONG_MODE,,LONG,继续持多
2025-11-10 20:00:00,106011.13,BEARISH_SINGULARITY,LONG_MODE,,LONG,继续持多
2025-11-11 00:00:00,106456.0,BEARISH_SINGULARITY,LONG_MODE,高点,NONE,平多
2025-11-11 04:00:00,104783.98,BEARISH_SINGULARITY,LONG_MODE,,NONE,空仓等待
2025-11-11 08:00:00,105311.9,BEARISH_SINGULARITY,LONG_MODE,,NONE,空仓等待
2025-11-11 12:00:00,103455.99,BEARISH_SINGULARITY,LONG_MODE,,NONE,空仓等待
2025-11-11 16:00:00,103126.39,BEARISH_SINGULARITY,LONG_MODE,,NONE,空仓等待
2025-11-11 20:00:00,103058.99,BEARISH_SINGULARITY,LONG_MODE,低点,LONG,开多
2025-11-12 00:00:00,103310.0,BEARISH_SINGULARITY,LONG_MODE,,LONG,继续持多
2025-11-12 04:00:00,103112.66,BEARISH_SINGULARITY,LONG_MODE,,LONG,继续持多
2025-11-12 08:00:00,105020.83,OSCILLATION,NO_TRADE,高点,NONE,平多
2025-11-13 12:00:00,101382.64,OSCILLATION,NO_TRADE,,NONE,空仓
2025-11-13 16:00:00,98682.14,OSCILLATION,NO_TRADE,低点,NONE,空仓
2025-11-13 20:00:00,99692.02,OSCILLATION,NO_TRADE,,NONE,空仓
2025-11-14 00:00:00,99139.38,OSCILLATION,NO_TRADE,,NONE,空仓
2025-11-14 20:00:00,94594.0,BULLISH_SINGULARITY,SHORT_MODE,低点,SHORT,开空
2025-11-15 00:00:00,96417.12,BULLISH_SINGULARITY,SHORT_MODE,,SHORT,继续持空
2025-11-15 04:00:00,96333.86,BULLISH_SINGULARITY,SHORT_MODE,,SHORT,继续持空
2025-11-15 08:00:00,95696.87,BULLISH_SINGULARITY,SHORT_MODE,低点,NONE,平空
2025-11-15 12:00:00,96260.0,BULLISH_SINGULARITY,SHORT_MODE,,SHORT,开空
2025-11-15 16:00:00,96012.01,BULLISH_SINGULARITY,SHORT_MODE,,SHORT,继续持空
2025-11-15 20:00:00,95596.24,BULLISH_SINGULARITY,SHORT_MODE,低点,NONE,平空
2025-11-16 00:00:00,95825.02,OSCILLATION,NO_TRADE,,NONE,空仓
2025-11-16 04:00:00,96099.99,LOW_OSCILLATION,LONG_MODE,高点,NONE,空仓等待
2025-11-16 08:00:00,95627.13,LOW_OSCILLATION,LONG_MODE,,NONE,空仓等待
2025-11-16 12:00:00,94573.46,LOW_OSCILLATION,LONG_MODE,,NONE,空仓等待
2025-11-16 16:00:00,94020.0,LOW_OSCILLATION,LONG_MODE,低点,LONG,开多
2025-11-16 20:00:00,94261.44,LOW_OSCILLATION,LONG_MODE,,LONG,继续持多
2025-11-17 00:00:00,95496.77,LOW_OSCILLATION,LONG_MODE,,LONG,继续持多
2025-11-17 04:00:00,95653.77,BULLISH_SINGULARITY,SHORT_MODE,高点,NONE,平多
2025-11-17 08:00:00,95565.38,BULLISH_SINGULARITY,SHORT_MODE,,SHORT,开空
2025-11-17 12:00:00,93959.67,BULLISH_SINGULARITY,SHORT_MODE,,SHORT,继续持空
2025-11-17 16:00:00,91678.93,BULLISH_SINGULARITY,SHORT_MODE,,SHORT,继续持空
2025-11-17 20:00:00,92215.14,BULLISH_SINGULARITY,SHORT_MODE,,SHORT,继续持空
2025-11-18 00:00:00,90842.72,BULLISH_SINGULARITY,SHORT_MODE,,SHORT,继续持空
2025-11-18 04:00:00,90512.1,BULLISH_SINGULARITY,SHORT_MODE,低点,NONE,平空
2025-11-18 08:00:00,91517.82,BULLISH_SINGULARITY,SHORT_MODE,,SHORT,开空
2025-11-18 12:00:00,92910.1,BULLISH_SINGULARITY,SHORT_MODE,,SHORT,继续持空
2025-11-18 16:00:00,93195.61,BULLISH_SINGULARITY,SHORT_MODE,高点,SHORT,开空
2025-11-18 20:00:00,92960.83,BULLISH_SINGULARITY,SHORT_MODE,,SHORT,继续持空
2025-11-19 00:00:00,91874.52,BULLISH_SINGULARITY,SHORT_MODE,,SHORT,继续持空
2025-11-19 04:00:00,91863.64,BULLISH_SINGULARITY,SHORT_MODE,,SHORT,继续持空
2025-11-19 08:00:00,91410.22,BULLISH_SINGULARITY,SHORT_MODE,,SHORT,继续持空
2025-11-19 12:00:00,89951.7,BULLISH_SINGULARITY,SHORT_MODE,,SHORT,继续持空
2025-11-19 16:00:00,88884.56,BULLISH_SINGULARITY,SHORT_MODE,,SHORT,继续持空
2025-11-20 12:00:00,89869.88,OSCILLATION,NO_TRADE,,SHORT,持空
2025-11-20 16:00:00,86921.28,BEARISH_SINGULARITY,LONG_MODE,,NONE,平空
2025-11-20 20:00:00,86637.23,BEARISH_SINGULARITY,LONG_MODE,,NONE,空仓等待
2025-11-21 00:00:00,85821.34,BEARISH_SINGULARITY,LONG_MODE,,NONE,空仓等待
2025-11-21 04:00:00,84049.39,BEARISH_SINGULARITY,LONG_MODE,,NONE,空仓等待
2025-11-21 08:00:00,82309.66,BEARISH_SINGULARITY,LONG_MODE,低点,LONG,开多
2025-11-21 16:00:00,84209.3,OSCILLATION,NO_TRADE,,LONG,持多
2025-11-22 20:00:00,84739.74,OSCILLATION,NO_TRADE,,LONG,持多
2025-11-23 00:00:00,86308.54,BEARISH_SINGULARITY,LONG_MODE,,LONG,继续持多
2025-11-23 04:00:00,85782.19,BEARISH_SINGULARITY,LONG_MODE,,LONG,继续持多
2025-11-23 08:00:00,86331.28,BEARISH_SINGULARITY,LONG_MODE,,LONG,继续持多
2025-11-23 12:00:00,87087.44,BEARISH_SINGULARITY,LONG_MODE,,LONG,继续持多
2025-11-23 16:00:00,87325.01,BEARISH_SINGULARITY,LONG_MODE,,LONG,继续持多
2025-11-23 20:00:00,86830.0,BEARISH_SINGULARITY,LONG_MODE,低点,LONG,开多
2025-11-24 00:00:00,87460.02,BEARISH_SINGULARITY,LONG_MODE,高点,NONE,平多
2025-11-24 04:00:00,87050.39,BEARISH_SINGULARITY,LONG_MODE,,NONE,空仓等待
2025-11-24 08:00:00,86264.72,BEARISH_SINGULARITY,LONG_MODE,低点,LONG,开多
2025-11-24 12:00:00,86616.44,BEARISH_SINGULARITY,LONG_MODE,,LONG,继续持多
2025-11-24 16:00:00,88327.29,BEARISH_SINGULARITY,LONG_MODE,高点,NONE,平多
2025-11-24 20:00:00,88300.01,BEARISH_SINGULARITY,LONG_MODE,,NONE,空仓等待
2025-11-25 00:00:00,87822.12,BEARISH_SINGULARITY,LONG_MODE,,NONE,空仓等待
2025-11-25 04:00:00,87384.81,BEARISH_SINGULARITY,LONG_MODE,,NONE,空仓等待
2025-11-25 08:00:00,87361.71,BEARISH_SINGULARITY,LONG_MODE,,NONE,空仓等待
2025-11-25 12:00:00,86988.94,BEARISH_SINGULARITY,LONG_MODE,,NONE,空仓等待
2025-11-25 16:00:00,86882.85,BEARISH_SINGULARITY,LONG_MODE,低点,LONG,开多
2025-11-25 20:00:00,87369.96,BEARISH_SINGULARITY,LONG_MODE,,LONG,继续持多
2025-11-26 00:00:00,87119.92,BEARISH_SINGULARITY,LONG_MODE,,LONG,继续持多
2025-11-26 04:00:00,87935.05,BEARISH_SINGULARITY,LONG_MODE,,LONG,继续持多
2025-11-26 08:00:00,87095.79,BEARISH_SINGULARITY,LONG_MODE,低点,LONG,开多
2025-11-26 20:00:00,90484.02,OSCILLATION,NO_TRADE,,LONG,持多
2025-11-27 00:00:00,91091.68,OSCILLATION,NO_TRADE,,LONG,持多
2025-11-27 04:00:00,91408.34,OSCILLATION,NO_TRADE,高点,NONE,平多
2025-11-27 08:00:00,91371.88,OSCILLATION,NO_TRADE,,NONE,空仓
2025-11-27 12:00:00,90958.3,OSCILLATION,NO_TRADE,低点,NONE,空仓
2025-11-27 16:00:00,91528.21,BEARISH_SINGULARITY,LONG_MODE,高点,NONE,空仓等待
2025-11-27 20:00:00,91333.95,BEARISH_SINGULARITY,LONG_MODE,,NONE,空仓等待
2025-11-28 00:00:00,91208.85,BEARISH_SINGULARITY,LONG_MODE,,NONE,空仓等待
2025-11-28 04:00:00,90910.87,BEARISH_SINGULARITY,LONG_MODE,,NONE,空仓等待
2025-11-28 08:00:00,91437.64,BEARISH_SINGULARITY,LONG_MODE,高点,NONE,空仓等待
2025-11-29 00:00:00,90680.26,OSCILLATION,NO_TRADE,,NONE,空仓
2025-11-29 04:00:00,90567.67,OSCILLATION,NO_TRADE,低点,NONE,空仓
2025-11-30 04:00:00,90968.16,OSCILLATION,NO_TRADE,,NONE,空仓
2025-11-30 08:00:00,91048.78,OSCILLATION,NO_TRADE,,NONE,空仓
2025-11-30 12:00:00,91435.31,OSCILLATION,NO_TRADE,,NONE,空仓
2025-11-30 16:00:00,91460.79,OSCILLATION,NO_TRADE,高点,NONE,空仓
2025-11-30 20:00:00,90360.0,OSCILLATION,NO_TRADE,,NONE,空仓
2025-12-01 00:00:00,86346.13,OSCILLATION,NO_TRADE,,NONE,空仓
2025-12-01 04:00:00,86550.3,OSCILLATION,NO_TRADE,,NONE,空仓
2025-12-01 08:00:00,86149.15,OSCILLATION,NO_TRADE,,NONE,空仓
2025-12-01 12:00:00,84677.87,OSCILLATION,NO_TRADE,低点,NONE,空仓
2025-12-01 16:00:00,85024.5,OSCILLATION,NO_TRADE,,NONE,空仓
2025-12-01 20:00:00,86286.01,BULLISH_SINGULARITY,SHORT_MODE,,SHORT,开空
2025-12-02 00:00:00,86976.99,BULLISH_SINGULARITY,SHORT_MODE,,SHORT,继续持空
2025-12-02 04:00:00,87012.65,BULLISH_SINGULARITY,SHORT_MODE,,SHORT,继续持空
2025-12-02 08:00:00,87368.92,BULLISH_SINGULARITY,SHORT_MODE,,SHORT,继续持空
2025-12-02 12:00:00,90850.01,BULLISH_SINGULARITY,SHORT_MODE,,SHORT,继续持空
2025-12-02 16:00:00,91903.39,BULLISH_SINGULARITY,SHORT_MODE,,SHORT,继续持空
2025-12-02 20:00:00,91277.88,BULLISH_SINGULARITY,SHORT_MODE,,SHORT,继续持空
2025-12-03 00:00:00,92628.91,BULLISH_SINGULARITY,SHORT_MODE,,SHORT,继续持空
2025-12-03 04:00:00,92999.99,BULLISH_SINGULARITY,SHORT_MODE,,SHORT,继续持空
2025-12-03 08:00:00,93005.68,BULLISH_SINGULARITY,SHORT_MODE,,SHORT,继续持空
2025-12-03 12:00:00,92373.3,BULLISH_SINGULARITY,SHORT_MODE,低点,NONE,平空
2025-12-03 16:00:00,93024.99,OSCILLATION,NO_TRADE,,NONE,空仓
2025-12-03 20:00:00,93429.95,OSCILLATION,NO_TRADE,高点,NONE,空仓
2025-12-04 12:00:00,92971.49,OSCILLATION,NO_TRADE,,NONE,空仓
2025-12-04 16:00:00,91975.44,OSCILLATION,NO_TRADE,低点,NONE,空仓
2025-12-04 20:00:00,92078.06,OSCILLATION,NO_TRADE,,NONE,空仓
2025-12-05 00:00:00,92142.75,BULLISH_SINGULARITY,SHORT_MODE,,SHORT,开空
2025-12-05 04:00:00,92258.65,BULLISH_SINGULARITY,SHORT_MODE,高点,SHORT,开空
2025-12-05 08:00:00,91351.43,BULLISH_SINGULARITY,SHORT_MODE,,SHORT,继续持空
2025-12-05 12:00:00,90459.35,BULLISH_SINGULARITY,SHORT_MODE,,SHORT,继续持空
2025-12-05 16:00:00,89629.26,BULLISH_SINGULARITY,SHORT_MODE,,SHORT,继续持空
2025-12-05 20:00:00,89330.04,BULLISH_SINGULARITY,SHORT_MODE,低点,NONE,平空
2025-12-06 00:00:00,89688.35,BULLISH_SINGULARITY,SHORT_MODE,高点,SHORT,开空
2025-12-06 04:00:00,89597.13,BULLISH_SINGULARITY,SHORT_MODE,,SHORT,继续持空
2025-12-06 08:00:00,89631.28,BULLISH_SINGULARITY,SHORT_MODE,,SHORT,继续持空
2025-12-06 12:00:00,89758.77,BULLISH_SINGULARITY,SHORT_MODE,高点,SHORT,开空
2025-12-06 16:00:00,89405.64,BULLISH_SINGULARITY,SHORT_MODE,,SHORT,继续持空
2025-12-06 20:00:00,89236.79,BULLISH_SINGULARITY,SHORT_MODE,低点,NONE,平空
2025-12-07 20:00:00,90395.31,OSCILLATION,NO_TRADE,,NONE,空仓
2025-12-08 00:00:00,91068.29,OSCILLATION,NO_TRADE,,NONE,空仓
2025-12-08 04:00:00,91565.46,OSCILLATION,NO_TRADE,,NONE,空仓
2025-12-08 20:00:00,90634.34,BEARISH_SINGULARITY,LONG_MODE,低点,LONG,开多
2025-12-09 16:00:00,93800.83,OSCILLATION,NO_TRADE,高点,NONE,平多
2025-12-09 20:00:00,92678.8,OSCILLATION,NO_TRADE,,NONE,空仓
2025-12-10 00:00:00,92410.62,OSCILLATION,NO_TRADE,,NONE,空仓
2025-12-10 04:00:00,92782.91,OSCILLATION,NO_TRADE,,NONE,空仓
2025-12-10 12:00:00,92063.69,BEARISH_SINGULARITY,LONG_MODE,,NONE,空仓等待
2025-12-10 16:00:00,92957.67,BEARISH_SINGULARITY,LONG_MODE,高点,NONE,空仓等待
2025-12-10 20:00:00,92015.37,BEARISH_SINGULARITY,LONG_MODE,,NONE,空仓等待
2025-12-11 00:00:00,89880.01,BEARISH_SINGULARITY,LONG_MODE,低点,LONG,开多
2025-12-11 04:00:00,90272.75,BEARISH_SINGULARITY,LONG_MODE,,LONG,继续持多
2025-12-11 08:00:00,90242.35,BEARISH_SINGULARITY,LONG_MODE,,LONG,继续持多
2025-12-11 12:00:00,89872.51,BEARISH_SINGULARITY,LONG_MODE,低点,LONG,开多
2025-12-11 16:00:00,90839.81,BEARISH_SINGULARITY,LONG_MODE,,LONG,继续持多
2025-12-11 20:00:00,92513.38,BEARISH_SINGULARITY,LONG_MODE,高点,NONE,平多
2025-12-12 00:00:00,92283.4,OSCILLATION,NO_TRADE,,NONE,空仓
2025-12-12 04:00:00,92425.34,OSCILLATION,NO_TRADE,,NONE,空仓
2025-12-12 08:00:00,92418.19,OSCILLATION,NO_TRADE,,NONE,空仓
2025-12-12 12:00:00,89935.14,OSCILLATION,NO_TRADE,低点,NONE,空仓
2025-12-13 16:00:00,90178.16,OSCILLATION,NO_TRADE,,NONE,空仓
2025-12-13 20:00:00,90240.01,BULLISH_SINGULARITY,SHORT_MODE,,SHORT,开空
2025-12-14 00:00:00,90258.98,BULLISH_SINGULARITY,SHORT_MODE,高点,SHORT,开空
2025-12-14 04:00:00,90245.6,BULLISH_SINGULARITY,SHORT_MODE,,SHORT,继续持空
2025-12-14 08:00:00,89360.0,BULLISH_SINGULARITY,SHORT_MODE,,SHORT,继续持空
2025-12-14 12:00:00,89022.91,BULLISH_SINGULARITY,SHORT_MODE,,SHORT,继续持空
2025-12-14 16:00:00,88644.88,BULLISH_SINGULARITY,SHORT_MODE,,SHORT,继续持空
2025-12-14 20:00:00,88172.17,BULLISH_SINGULARITY,SHORT_MODE,低点,NONE,平空
2025-12-15 04:00:00,89753.42,OSCILLATION,NO_TRADE,高点,NONE,空仓
2025-12-15 08:00:00,89641.28,OSCILLATION,NO_TRADE,,NONE,空仓
2025-12-15 12:00:00,87033.22,OSCILLATION,NO_TRADE,,NONE,空仓
2025-12-15 16:00:00,86149.96,OSCILLATION,NO_TRADE,,NONE,空仓
2025-12-15 20:00:00,86432.08,OSCILLATION,NO_TRADE,,NONE,空仓
2025-12-16 00:00:00,85875.92,BULLISH_SINGULARITY,SHORT_MODE,低点,SHORT,开空
2025-12-16 04:00:00,86021.51,BULLISH_SINGULARITY,SHORT_MODE,,SHORT,继续持空
2025-12-16 08:00:00,87261.45,BULLISH_SINGULARITY,SHORT_MODE,,SHORT,继续持空
2025-12-16 12:00:00,87977.43,BULLISH_SINGULARITY,SHORT_MODE,高点,SHORT,开空
2025-12-16 16:00:00,87585.77,BULLISH_SINGULARITY,SHORT_MODE,,SHORT,继续持空
2025-12-16 20:00:00,87863.42,BULLISH_SINGULARITY,SHORT_MODE,,SHORT,继续持空
2025-12-17 08:00:00,86983.26,OSCILLATION,NO_TRADE,,SHORT,持空
2025-12-17 12:00:00,87233.44,BEARISH_SINGULARITY,LONG_MODE,,NONE,平空
2025-12-17 16:00:00,86018.53,BEARISH_SINGULARITY,LONG_MODE,低点,LONG,开多
2025-12-17 20:00:00,86243.22,BEARISH_SINGULARITY,LONG_MODE,,LONG,继续持多
2025-12-18 00:00:00,86618.34,BEARISH_SINGULARITY,LONG_MODE,,LONG,继续持多
2025-12-18 04:00:00,86833.84,BEARISH_SINGULARITY,LONG_MODE,,LONG,继续持多
2025-12-18 08:00:00,87300.74,BEARISH_SINGULARITY,LONG_MODE,,LONG,继续持多
2025-12-19 04:00:00,87953.4,BULLISH_SINGULARITY,SHORT_MODE,,NONE,平多
2025-12-19 08:00:00,88198.7,BULLISH_SINGULARITY,SHORT_MODE,高点,SHORT,开空
2025-12-19 12:00:00,87951.87,BULLISH_SINGULARITY,SHORT_MODE,,SHORT,继续持空
2025-12-19 16:00:00,87845.92,BULLISH_SINGULARITY,SHORT_MODE,低点,NONE,平空
2025-12-19 20:00:00,88136.94,BULLISH_SINGULARITY,SHORT_MODE,,SHORT,开空
2025-12-20 00:00:00,88214.98,OSCILLATION,NO_TRADE,,SHORT,持空
2025-12-20 04:00:00,88275.41,OSCILLATION,NO_TRADE,,SHORT,持空
2025-12-20 20:00:00,88360.9,OSCILLATION,NO_TRADE,高点,SHORT,持空
2025-12-21 00:00:00,88070.64,OSCILLATION,NO_TRADE,低点,NONE,平空
2025-12-21 04:00:00,88174.79,OSCILLATION,NO_TRADE,,NONE,空仓
2025-12-21 20:00:00,88658.86,HIGH_OSCILLATION,SHORT_MODE,,SHORT,开空
2025-12-22 00:00:00,88774.12,BEARISH_SINGULARITY,LONG_MODE,,NONE,平空
2025-12-22 04:00:00,89170.1,BEARISH_SINGULARITY,LONG_MODE,,NONE,空仓等待
2025-12-22 08:00:00,89945.43,BEARISH_SINGULARITY,LONG_MODE,高点,NONE,空仓等待
2025-12-22 12:00:00,89726.92,BEARISH_SINGULARITY,LONG_MODE,,NONE,空仓等待
2025-12-22 16:00:00,88052.43,BEARISH_SINGULARITY,LONG_MODE,低点,LONG,开多
2025-12-22 20:00:00,88620.79,BEARISH_SINGULARITY,LONG_MODE,,LONG,继续持多
2025-12-23 00:00:00,88170.0,BEARISH_SINGULARITY,LONG_MODE,,LONG,继续持多
2025-12-23 04:00:00,87574.79,BEARISH_SINGULARITY,LONG_MODE,,LONG,继续持多
2025-12-23 08:00:00,87856.65,BEARISH_SINGULARITY,LONG_MODE,,LONG,继续持多
2025-12-23 12:00:00,87443.45,BEARISH_SINGULARITY,LONG_MODE,低点,LONG,开多
2025-12-23 16:00:00,87752.87,BEARISH_SINGULARITY,LONG_MODE,,LONG,继续持多
2025-12-23 20:00:00,87486.0,BEARISH_SINGULARITY,LONG_MODE,,LONG,继续持多
2025-12-24 04:00:00,86911.53,HIGH_OSCILLATION,SHORT_MODE,低点,NONE,平多
2025-12-24 12:00:00,87049.99,BEARISH_SINGULARITY,LONG_MODE,,NONE,空仓等待
2025-12-24 16:00:00,87566.06,BEARISH_SINGULARITY,LONG_MODE,,NONE,空仓等待
2025-12-24 20:00:00,87669.45,BEARISH_SINGULARITY,LONG_MODE,,NONE,空仓等待
2025-12-25 00:00:00,87840.42,BEARISH_SINGULARITY,LONG_MODE,,NONE,空仓等待
2025-12-25 16:00:00,88151.18,OSCILLATION,NO_TRADE,,NONE,空仓
2025-12-25 20:00:00,87225.27,BULLISH_SINGULARITY,SHORT_MODE,低点,SHORT,开空
2025-12-26 00:00:00,88844.87,BULLISH_SINGULARITY,SHORT_MODE,高点,SHORT,开空
2025-12-26 04:00:00,88470.75,BULLISH_SINGULARITY,SHORT_MODE,,SHORT,继续持空
2025-12-26 08:00:00,88533.42,BULLISH_SINGULARITY,SHORT_MODE,,SHORT,继续持空
2025-12-26 20:00:00,87369.56,OSCILLATION,NO_TRADE,低点,NONE,平空
2025-12-27 00:00:00,87514.22,OSCILLATION,NO_TRADE,,NONE,空仓
2025-12-27 12:00:00,87551.25,OSCILLATION,NO_TRADE,,NONE,空仓
2025-12-27 16:00:00,87569.39,LOW_OSCILLATION,LONG_MODE,,NONE,空仓等待
2025-12-27 20:00:00,87877.01,BULLISH_SINGULARITY,SHORT_MODE,高点,SHORT,开空
2025-12-28 00:00:00,87740.01,BULLISH_SINGULARITY,SHORT_MODE,,SHORT,继续持空
2025-12-28 04:00:00,87730.85,BULLISH_SINGULARITY,SHORT_MODE,低点,NONE,平空
2025-12-28 08:00:00,87883.25,BULLISH_SINGULARITY,SHORT_MODE,高点,SHORT,开空
2025-12-28 12:00:00,87836.27,BULLISH_SINGULARITY,SHORT_MODE,,SHORT,继续持空
2025-12-28 16:00:00,87520.75,BULLISH_SINGULARITY,SHORT_MODE,低点,NONE,平空
2025-12-28 20:00:00,87952.71,BULLISH_SINGULARITY,SHORT_MODE,,SHORT,开空
2025-12-29 00:00:00,90123.55,BULLISH_SINGULARITY,SHORT_MODE,高点,SHORT,开空
2025-12-29 04:00:00,89617.71,BULLISH_SINGULARITY,SHORT_MODE,,SHORT,继续持空
2025-12-29 08:00:00,87567.66,BULLISH_SINGULARITY,SHORT_MODE,,SHORT,继续持空
2025-12-29 12:00:00,87691.62,BULLISH_SINGULARITY,SHORT_MODE,,SHORT,继续持空
2025-12-30 04:00:00,87502.85,BULLISH_SINGULARITY,SHORT_MODE,低点,NONE,平空
2025-12-30 08:00:00,87903.89,BULLISH_SINGULARITY,SHORT_MODE,,SHORT,开空
2025-12-30 12:00:00,89016.35,BULLISH_SINGULARITY,SHORT_MODE,高点,SHORT,开空
2025-12-30 16:00:00,88226.16,BULLISH_SINGULARITY,SHORT_MODE,,SHORT,继续持空
2025-12-30 20:00:00,88485.49,BULLISH_SINGULARITY,SHORT_MODE,,SHORT,继续持空
2025-12-31 00:00:00,88453.04,BULLISH_SINGULARITY,SHORT_MODE,,SHORT,继续持空
2025-12-31 04:00:00,88613.12,BULLISH_SINGULARITY,SHORT_MODE,,SHORT,继续持空
2025-12-31 08:00:00,89011.52,BULLISH_SINGULARITY,SHORT_MODE,高点,SHORT,开空
2025-12-31 20:00:00,87648.22,BEARISH_SINGULARITY,LONG_MODE,,NONE,平空
2026-01-01 00:00:00,87846.02,BEARISH_SINGULARITY,LONG_MODE,,NONE,空仓等待
2026-01-01 04:00:00,87631.88,BEARISH_SINGULARITY,LONG_MODE,低点,LONG,开多
2026-01-01 08:00:00,88024.64,BEARISH_SINGULARITY,LONG_MODE,,LONG,继续持多
2026-01-01 12:00:00,88032.18,BEARISH_SINGULARITY,LONG_MODE,,LONG,继续持多
2026-01-02 20:00:00,89995.13,HIGH_OSCILLATION,SHORT_MODE,,NONE,平多
2026-01-03 00:00:00,90321.22,BEARISH_SINGULARITY,LONG_MODE,高点,NONE,空仓等待
2026-01-03 04:00:00,89577.13,BEARISH_SINGULARITY,LONG_MODE,低点,LONG,开多
2026-01-03 08:00:00,89752.74,BEARISH_SINGULARITY,LONG_MODE,,LONG,继续持多
2026-01-03 12:00:00,89969.31,BEARISH_SINGULARITY,LONG_MODE,,LONG,继续持多
2026-01-03 16:00:00,90123.77,BEARISH_SINGULARITY,LONG_MODE,,LONG,继续持多
2026-01-03 20:00:00,90628.01,BEARISH_SINGULARITY,LONG_MODE,,LONG,继续持多
2026-01-04 00:00:00,91236.78,BEARISH_SINGULARITY,LONG_MODE,,LONG,继续持多
2026-01-04 04:00:00,91532.0,BEARISH_SINGULARITY,LONG_MODE,高点,NONE,平多
2026-01-04 08:00:00,91300.0,BEARISH_SINGULARITY,LONG_MODE,,NONE,空仓等待
2026-01-04 16:00:00,91138.07,OSCILLATION,NO_TRADE,低点,NONE,空仓
2026-01-04 20:00:00,91529.73,OSCILLATION,NO_TRADE,,NONE,空仓
2026-01-05 00:00:00,92878.22,OSCILLATION,NO_TRADE,,NONE,空仓
2026-01-05 04:00:00,92520.63,OSCILLATION,NO_TRADE,,NONE,空仓
2026-01-05 08:00:00,93134.26,BEARISH_SINGULARITY,LONG_MODE,,NONE,空仓等待
2026-01-05 12:00:00,93957.73,BEARISH_SINGULARITY,LONG_MODE,,NONE,空仓等待
2026-01-05 16:00:00,94303.4,BEARISH_SINGULARITY,LONG_MODE,高点,NONE,空仓等待
2026-01-05 20:00:00,93859.71,BEARISH_SINGULARITY,LONG_MODE,,NONE,空仓等待
2026-01-06 00:00:00,93769.24,BEARISH_SINGULARITY,LONG_MODE,,NONE,空仓等待
2026-01-06 04:00:00,93255.08,BEARISH_SINGULARITY,LONG_MODE,低点,LONG,开多
2026-01-06 08:00:00,93840.0,BEARISH_SINGULARITY,LONG_MODE,高点,NONE,平多
2026-01-06 12:00:00,93648.99,BEARISH_SINGULARITY,LONG_MODE,,NONE,空仓等待
2026-01-07 00:00:00,92815.83,OSCILLATION,NO_TRADE,,NONE,空仓
2026-01-07 04:00:00,92879.13,OSCILLATION,NO_TRADE,,NONE,空仓
2026-01-08 08:00:00,90226.77,BULLISH_SINGULARITY,SHORT_MODE,低点,SHORT,开空
2026-01-08 12:00:00,90781.57,BULLISH_SINGULARITY,SHORT_MODE,,SHORT,继续持空
2026-01-08 16:00:00,90937.41,BULLISH_SINGULARITY,SHORT_MODE,,SHORT,继续持空
2026-01-08 20:00:00,91099.99,BULLISH_SINGULARITY,SHORT_MODE,,SHORT,继续持空
2026-01-09 00:00:00,91220.23,BULLISH_SINGULARITY,SHORT_MODE,高点,SHORT,开空
2026-01-09 04:00:00,90741.84,BULLISH_SINGULARITY,SHORT_MODE,,SHORT,继续持空
2026-01-09 08:00:00,90463.11,BULLISH_SINGULARITY,SHORT_MODE,,SHORT,继续持空
2026-01-09 12:00:00,91176.47,BULLISH_SINGULARITY,SHORT_MODE,高点,SHORT,开空
2026-01-09 16:00:00,90332.15,BULLISH_SINGULARITY,SHORT_MODE,低点,NONE,平空
2026-01-09 20:00:00,90641.28,BULLISH_SINGULARITY,SHORT_MODE,,SHORT,开空
2026-01-10 00:00:00,90626.14,BULLISH_SINGULARITY,SHORT_MODE,,SHORT,继续持空
2026-01-10 04:00:00,90678.5,BULLISH_SINGULARITY,SHORT_MODE,,SHORT,继续持空
2026-01-10 08:00:00,90723.86,BULLISH_SINGULARITY,SHORT_MODE,高点,SHORT,开空
2026-01-10 12:00:00,90665.75,BULLISH_SINGULARITY,SHORT_MODE,,SHORT,继续持空
2026-01-10 16:00:00,90626.54,BULLISH_SINGULARITY,SHORT_MODE,,SHORT,继续持空
2026-01-10 20:00:00,90504.7,BULLISH_SINGULARITY,SHORT_MODE,低点,NONE,平空
2026-01-11 00:00:00,90733.5,BULLISH_SINGULARITY,SHORT_MODE,,SHORT,开空
2026-01-11 04:00:00,90710.79,BULLISH_SINGULARITY,SHORT_MODE,,SHORT,继续持空
2026-01-11 08:00:00,90754.99,BULLISH_SINGULARITY,SHORT_MODE,,SHORT,继续持空
2026-01-11 12:00:00,90875.79,BULLISH_SINGULARITY,SHORT_MODE,,SHORT,继续持空
2026-01-11 16:00:00,90690.8,BULLISH_SINGULARITY,SHORT_MODE,低点,NONE,平空
2026-01-11 20:00:00,91013.65,BULLISH_SINGULARITY,SHORT_MODE,,SHORT,开空
2026-01-12 00:00:00,91808.12,BULLISH_SINGULARITY,SHORT_MODE,高点,SHORT,开空
2026-01-12 04:00:00,91408.09,BULLISH_SINGULARITY,SHORT_MODE,,SHORT,继续持空
2026-01-12 08:00:00,90620.96,BULLISH_SINGULARITY,SHORT_MODE,低点,NONE,平空
2026-01-12 12:00:00,91665.0,OSCILLATION,NO_TRADE,,NONE,空仓
2026-01-12 16:00:00,91861.27,OSCILLATION,NO_TRADE,高点,NONE,空仓
2026-01-12 20:00:00,91296.2,OSCILLATION,NO_TRADE,低点,NONE,空仓
2026-01-13 00:00:00,91408.91,OSCILLATION,NO_TRADE,,NONE,空仓
2026-01-13 04:00:00,91942.0,OSCILLATION,NO_TRADE,,NONE,空仓
2026-01-13 08:00:00,92000.74,OSCILLATION,NO_TRADE,,NONE,空仓
2026-01-13 12:00:00,93449.99,BULLISH_SINGULARITY,SHORT_MODE,,SHORT,开空
2026-01-13 16:00:00,94226.84,BULLISH_SINGULARITY,SHORT_MODE,,SHORT,继续持空
2026-01-13 20:00:00,95414.0,BULLISH_SINGULARITY,SHORT_MODE,,SHORT,继续持空
2026-01-14 08:00:00,94792.99,OSCILLATION,NO_TRADE,,SHORT,持空
2026-01-14 12:00:00,96764.57,BEARISH_SINGULARITY,LONG_MODE,,NONE,平空
2026-01-14 16:00:00,97267.42,BEARISH_SINGULARITY,LONG_MODE,高点,NONE,空仓等待
2026-01-14 20:00:00,96951.78,BEARISH_SINGULARITY,LONG_MODE,,NONE,空仓等待
2026-01-15 00:00:00,95985.1,BEARISH_SINGULARITY,LONG_MODE,低点,LONG,开多
2026-01-15 04:00:00,96630.48,BEARISH_SINGULARITY,LONG_MODE,,LONG,继续持多
2026-01-15 08:00:00,96581.08,BEARISH_SINGULARITY,LONG_MODE,,LONG,继续持多
2026-01-15 12:00:00,96737.04,BEARISH_SINGULARITY,LONG_MODE,高点,NONE,平多
2026-01-15 16:00:00,95516.01,BEARISH_SINGULARITY,LONG_MODE,,NONE,空仓等待
2026-01-15 20:00:00,95604.8,BEARISH_SINGULARITY,LONG_MODE,,NONE,空仓等待
2026-01-16 00:00:00,95354.69,BEARISH_SINGULARITY,LONG_MODE,低点,LONG,开多
2026-01-16 04:00:00,95653.16,BEARISH_SINGULARITY,LONG_MODE,高点,NONE,平多
2026-01-16 08:00:00,95429.09,BEARISH_SINGULARITY,LONG_MODE,,NONE,空仓等待
2026-01-17 04:00:00,95101.67,BEARISH_SINGULARITY,LONG_MODE,低点,LONG,开多
2026-01-17 08:00:00,95323.86,BEARISH_SINGULARITY,LONG_MODE,,LONG,继续持多
2026-01-17 12:00:00,95573.64,BEARISH_SINGULARITY,LONG_MODE,高点,NONE,平多
2026-01-17 16:00:00,95291.38,BEARISH_SINGULARITY,LONG_MODE,,NONE,空仓等待
2026-01-17 20:00:00,95147.77,BEARISH_SINGULARITY,LONG_MODE,,NONE,空仓等待
2026-01-18 00:00:00,95200.29,BEARISH_SINGULARITY,LONG_MODE,,NONE,空仓等待
2026-01-18 04:00:00,95028.27,BEARISH_SINGULARITY,LONG_MODE,,NONE,空仓等待
2026-01-18 20:00:00,93673.14,OSCILLATION,NO_TRADE,,NONE,空仓
2026-01-19 00:00:00,92690.09,OSCILLATION,NO_TRADE,低点,NONE,空仓
2026-01-19 04:00:00,92841.62,OSCILLATION,NO_TRADE,,NONE,空仓
2026-01-19 08:00:00,93191.96,OSCILLATION,NO_TRADE,高点,NONE,空仓
2026-01-19 12:00:00,93068.62,OSCILLATION,NO_TRADE,,NONE,空仓
2026-01-19 16:00:00,93105.85,OSCILLATION,NO_TRADE,,NONE,空仓
2026-01-19 20:00:00,92631.0,OSCILLATION,NO_TRADE,,NONE,空仓
2026-01-20 00:00:00,92434.92,OSCILLATION,NO_TRADE,,NONE,空仓
