时间,收盘价,波动率,流动性,闪崩风险,暴涨设置,建议,原始信号
2025-08-23 08:00:00,115310.13,15.9%,0.69,No,No,【正常】市场平稳 - 按策略交易,
2025-08-23 12:00:00,114812.87,15.6%,1.00,No,YES,【机会】低波动吸筹 - 准备突破,
2025-08-23 16:00:00,115133.91,15.2%,0.64,No,No,【正常】市场平稳 - 按策略交易,
2025-08-23 20:00:00,115438.05,14.9%,0.70,No,No,【正常】市场平稳 - 按策略交易,
2025-08-24 00:00:00,115036.0,14.6%,0.85,No,YES,【机会】低波动吸筹 - 准备突破,
2025-08-24 04:00:00,114888.19,14.3%,0.83,No,YES,【机会】低波动吸筹 - 准备突破,
2025-08-24 08:00:00,114730.22,14.1%,0.95,No,YES,【机会】低波动吸筹 - 准备突破,
2025-08-24 12:00:00,114400.0,13.8%,0.98,No,YES,【机会】低波动吸筹 - 准备突破,
2025-08-24 16:00:00,112600.0,14.4%,0.87,No,YES,【机会】低波动吸筹 - 准备突破,
2025-08-24 20:00:00,113493.59,14.4%,0.76,No,YES,【机会】低波动吸筹 - 准备突破,
2025-08-25 00:00:00,112916.84,14.2%,0.77,No,YES,【机会】低波动吸筹 - 准备突破,
2025-08-25 04:00:00,111511.55,14.4%,0.93,No,YES,【机会】低波动吸筹 - 准备突破,
2025-08-25 08:00:00,111214.97,14.2%,0.90,No,YES,【机会】低波动吸筹 - 准备突破,
2025-08-25 12:00:00,112200.64,14.2%,0.88,No,YES,【机会】低波动吸筹 - 准备突破,
2025-08-25 16:00:00,110716.13,14.4%,0.73,No,YES,【机会】低波动吸筹 - 准备突破,
2025-08-25 20:00:00,110111.98,14.3%,0.92,No,YES,【机会】低波动吸筹 - 准备突破,
2025-08-26 00:00:00,109879.56,14.1%,0.97,No,YES,【机会】低波动吸筹 - 准备突破,
2025-08-26 04:00:00,110303.2,13.9%,0.74,No,YES,【机会】低波动吸筹 - 准备突破,
2025-08-26 20:00:00,111763.22,14.2%,0.77,No,YES,【机会】低波动吸筹 - 准备突破,
2025-08-27 00:00:00,111418.15,14.0%,0.66,No,No,【正常】市场平稳 - 按策略交易,
2025-08-27 04:00:00,110725.18,13.9%,0.73,No,YES,【机会】低波动吸筹 - 准备突破,
2025-08-27 08:00:00,111322.07,13.8%,0.62,No,No,【正常】市场平稳 - 按策略交易,
2025-08-27 20:00:00,111262.01,13.7%,0.81,No,YES,【机会】低波动吸筹 - 准备突破,
2025-08-28 00:00:00,112000.01,13.6%,0.62,No,No,【正常】市场平稳 - 按策略交易,
2025-08-28 04:00:00,113114.11,13.6%,0.88,No,YES,【机会】低波动吸筹 - 准备突破,
2025-08-28 08:00:00,112909.18,13.5%,0.62,No,No,【正常】市场平稳 - 按策略交易,开多(正常 150%仓位)
2025-08-28 12:00:00,112678.53,13.4%,1.00,No,YES,【机会】低波动吸筹 - 准备突破,
2025-08-28 16:00:00,111901.36,13.3%,0.77,No,YES,【机会】低波动吸筹 - 准备突破,
2025-08-28 20:00:00,112566.9,13.2%,0.58,No,No,【正常】市场平稳 - 按策略交易,
2025-08-29 16:00:00,108212.01,15.8%,0.53,No,No,【正常】市场平稳 - 按策略交易,
2025-08-29 20:00:00,108377.4,15.6%,0.60,No,No,【正常】市场平稳 - 按策略交易,
2025-08-30 00:00:00,108436.2,15.5%,0.99,No,YES,【机会】低波动吸筹 - 准备突破,
2025-08-30 04:00:00,108524.26,15.3%,1.00,No,YES,【机会】低波动吸筹 - 准备突破,
2025-08-30 08:00:00,108680.01,15.2%,0.76,No,YES,【机会】低波动吸筹 - 准备突破,
2025-08-30 12:00:00,108869.98,15.0%,0.79,No,YES,【机会】低波动吸筹 - 准备突破,
2025-08-30 16:00:00,108828.33,14.9%,0.61,No,No,【正常】市场平稳 - 按策略交易,
2025-08-30 20:00:00,108816.33,14.8%,0.66,No,No,【正常】市场平稳 - 按策略交易,
2025-08-31 00:00:00,109223.84,14.7%,0.82,No,YES,【机会】低波动吸筹 - 准备突破,
2025-08-31 04:00:00,108708.26,14.6%,0.66,No,No,【正常】市场平稳 - 按策略交易,
2025-08-31 08:00:00,108389.76,14.4%,0.82,No,YES,【机会】低波动吸筹 - 准备突破,
2025-08-31 12:00:00,108818.69,14.3%,0.93,No,YES,【机会】低波动吸筹 - 准备突破,
2025-08-31 16:00:00,108930.0,14.2%,0.73,No,YES,【机会】低波动吸筹 - 准备突破,
2025-08-31 20:00:00,108246.35,14.2%,0.71,No,YES,【机会】低波动吸筹 - 准备突破,
2025-09-01 12:00:00,108784.33,14.1%,0.86,No,YES,【机会】低波动吸筹 - 准备突破,
2025-09-01 16:00:00,109217.64,14.0%,0.82,No,YES,【机会】低波动吸筹 - 准备突破,
2025-09-01 20:00:00,109237.42,13.9%,0.96,No,YES,【机会】低波动吸筹 - 准备突破,
2025-09-02 00:00:00,110322.18,13.9%,0.90,No,YES,【机会】低波动吸筹 - 准备突破,
2025-09-02 04:00:00,110233.92,13.8%,0.86,No,YES,【机会】低波动吸筹 - 准备突破,
2025-09-02 08:00:00,109733.34,13.7%,0.96,No,YES,【机会】低波动吸筹 - 准备突破,
2025-09-02 20:00:00,111240.01,13.9%,0.66,No,No,【正常】市场平稳 - 按策略交易,
2025-09-03 00:00:00,111054.01,13.8%,0.83,No,YES,【机会】低波动吸筹 - 准备突破,
2025-09-03 04:00:00,111099.88,13.7%,0.80,No,YES,【机会】低波动吸筹 - 准备突破,
2025-09-03 12:00:00,112222.74,13.8%,0.90,No,YES,【机会】低波动吸筹 - 准备突破,
2025-09-03 16:00:00,112193.74,13.7%,0.79,No,YES,【机会】低波动吸筹 - 准备突破,
2025-09-03 20:00:00,111705.71,13.6%,0.65,No,No,【正常】市场平稳 - 按策略交易,开多(正常 150%仓位)
2025-09-04 00:00:00,111148.97,13.5%,0.80,No,YES,【机会】低波动吸筹 - 准备突破,
2025-09-04 04:00:00,110463.36,13.5%,0.95,No,YES,【机会】低波动吸筹 - 准备突破,
2025-09-04 08:00:00,110810.0,13.4%,0.67,No,No,【正常】市场平稳 - 按策略交易,
2025-09-04 12:00:00,109510.31,13.5%,0.85,No,YES,【机会】低波动吸筹 - 准备突破,平仓(止损-1.97%)
2025-09-04 16:00:00,109799.99,13.4%,0.81,No,YES,【机会】低波动吸筹 - 准备突破,
2025-09-04 20:00:00,110730.87,13.4%,0.86,No,YES,【机会】低波动吸筹 - 准备突破,
2025-09-05 00:00:00,111311.77,13.4%,0.82,No,YES,【机会】低波动吸筹 - 准备突破,
2025-09-05 04:00:00,112954.32,13.5%,0.90,No,YES,【机会】低波动吸筹 - 准备突破,
2025-09-05 08:00:00,112354.0,13.5%,0.72,No,YES,【机会】低波动吸筹 - 准备突破,
2025-09-05 12:00:00,110716.82,13.6%,0.91,No,YES,【机会】低波动吸筹 - 准备突破,
2025-09-05 16:00:00,111614.54,13.6%,0.67,No,No,【正常】市场平稳 - 按策略交易,
2025-09-05 20:00:00,110659.99,13.6%,0.83,No,YES,【机会】低波动吸筹 - 准备突破,
2025-09-06 04:00:00,110825.6,13.5%,0.55,No,No,【正常】市场平稳 - 按策略交易,
2025-09-06 08:00:00,110781.02,13.5%,0.62,No,No,【正常】市场平稳 - 按策略交易,
2025-09-06 12:00:00,110384.15,13.4%,0.67,No,No,【正常】市场平稳 - 按策略交易,开多(正常 150%仓位)
2025-09-06 16:00:00,110038.41,13.3%,0.81,No,YES,【机会】低波动吸筹 - 准备突破,
2025-09-06 20:00:00,110187.97,13.3%,0.60,No,No,【正常】市场平稳 - 按策略交易,
2025-09-07 00:00:00,110629.15,13.2%,0.71,No,YES,【机会】低波动吸筹 - 准备突破,
2025-09-07 12:00:00,111329.99,13.2%,0.69,No,No,【正常】市场平稳 - 按策略交易,平仓(高点)
2025-09-07 16:00:00,111259.99,13.1%,0.67,No,No,【正常】市场平稳 - 按策略交易,
2025-09-07 20:00:00,111137.34,13.0%,0.73,No,YES,【机会】低波动吸筹 - 准备突破,
2025-09-08 00:00:00,111052.11,13.0%,0.97,No,YES,【机会】低波动吸筹 - 准备突破,
2025-09-08 04:00:00,111280.39,12.9%,0.85,No,YES,【机会】低波动吸筹 - 准备突破,
2025-09-08 08:00:00,112052.43,12.9%,0.95,No,YES,【机会】低波动吸筹 - 准备突破,
2025-09-08 12:00:00,112631.75,12.9%,0.98,No,YES,【机会】低波动吸筹 - 准备突破,
2025-09-08 16:00:00,112097.31,12.8%,0.87,No,YES,【机会】低波动吸筹 - 准备突破,
2025-09-08 20:00:00,112065.23,12.8%,0.87,No,YES,【机会】低波动吸筹 - 准备突破,
2025-09-09 00:00:00,111708.0,12.8%,0.97,No,YES,【机会】低波动吸筹 - 准备突破,
2025-09-09 04:00:00,112991.11,13.0%,0.85,No,YES,【机会】低波动吸筹 - 准备突破,
2025-09-09 08:00:00,112433.59,12.9%,0.84,No,YES,【机会】低波动吸筹 - 准备突破,
2025-09-09 12:00:00,110880.76,13.1%,0.91,No,YES,【机会】低波动吸筹 - 准备突破,
2025-09-09 16:00:00,111301.53,13.1%,0.82,No,YES,【机会】低波动吸筹 - 准备突破,
2025-09-11 04:00:00,114083.58,13.7%,0.69,No,No,【正常】市场平稳 - 按策略交易,
2025-09-11 08:00:00,113999.99,13.7%,0.56,No,No,【正常】市场平稳 - 按策略交易,
2025-09-12 20:00:00,116029.42,14.0%,0.74,No,YES,【机会】低波动吸筹 - 准备突破,
2025-09-13 00:00:00,115957.0,13.9%,0.76,No,YES,【机会】低波动吸筹 - 准备突破,
2025-09-13 04:00:00,115778.71,13.9%,0.70,No,YES,【机会】低波动吸筹 - 准备突破,
2025-09-13 08:00:00,115974.11,13.9%,0.72,No,YES,【机会】低波动吸筹 - 准备突破,
2025-09-13 12:00:00,115768.68,13.9%,0.75,No,YES,【机会】低波动吸筹 - 准备突破,
2025-09-13 16:00:00,115797.12,13.9%,0.82,No,YES,【机会】低波动吸筹 - 准备突破,
2025-09-13 20:00:00,115918.29,12.4%,0.68,No,No,【正常】市场平稳 - 按策略交易,
2025-09-17 08:00:00,116258.13,12.4%,0.94,No,YES,【机会】低波动吸筹 - 准备突破,
2025-09-18 16:00:00,117450.21,12.4%,0.84,No,YES,【机会】低波动吸筹 - 准备突破,
2025-09-18 20:00:00,117073.53,12.4%,0.69,No,No,【正常】市场平稳 - 按策略交易,
2025-09-19 00:00:00,116977.58,12.4%,0.80,No,YES,【机会】低波动吸筹 - 准备突破,开空(BULLISH反转 150%仓位)
2025-09-19 04:00:00,116909.97,12.4%,0.86,No,YES,【机会】低波动吸筹 - 准备突破,
2025-09-19 08:00:00,116394.72,12.4%,0.75,No,YES,【机会】低波动吸筹 - 准备突破,
2025-09-19 12:00:00,115884.03,12.4%,1.00,No,YES,【机会】低波动吸筹 - 准备突破,
2025-09-19 16:00:00,115125.12,12.4%,0.80,No,YES,【机会】低波动吸筹 - 准备突破,
2025-09-19 20:00:00,115632.38,12.4%,0.59,No,No,【正常】市场平稳 - 按策略交易,
2025-09-20 00:00:00,115445.0,12.4%,0.62,No,No,【正常】市场平稳 - 按策略交易,
2025-09-20 04:00:00,115968.56,12.5%,0.63,No,No,【正常】市场平稳 - 按策略交易,
2025-09-20 08:00:00,115894.06,12.2%,0.66,No,No,【正常】市场平稳 - 按策略交易,
2025-09-20 12:00:00,115986.69,12.1%,0.72,No,YES,【机会】低波动吸筹 - 准备突破,
2025-09-20 16:00:00,115702.0,12.1%,0.72,No,YES,【机会】低波动吸筹 - 准备突破,
2025-09-20 20:00:00,115685.63,11.9%,0.68,No,No,【正常】市场平稳 - 按策略交易,
2025-09-21 00:00:00,115669.41,11.9%,0.82,No,YES,【机会】低波动吸筹 - 准备突破,
2025-09-21 04:00:00,115815.97,11.8%,0.78,No,YES,【机会】低波动吸筹 - 准备突破,
2025-09-21 08:00:00,115603.45,11.7%,0.79,No,YES,【机会】低波动吸筹 - 准备突破,
2025-09-21 12:00:00,115531.61,11.6%,0.77,No,YES,【机会】低波动吸筹 - 准备突破,
2025-09-21 16:00:00,115480.05,11.6%,0.83,No,YES,【机会】低波动吸筹 - 准备突破,
2025-09-21 20:00:00,115232.29,11.6%,0.74,No,YES,【机会】低波动吸筹 - 准备突破,
2025-09-22 00:00:00,114649.89,11.5%,0.97,No,YES,【机会】低波动吸筹 - 准备突破,
2025-09-22 12:00:00,112815.5,11.7%,0.89,No,YES,【机会】低波动吸筹 - 准备突破,
2025-09-22 16:00:00,112122.9,11.7%,0.90,No,YES,【机会】低波动吸筹 - 准备突破,
2025-09-22 20:00:00,112650.99,11.7%,0.80,No,YES,【机会】低波动吸筹 - 准备突破,
2025-09-23 08:00:00,112975.99,11.7%,0.98,No,YES,【机会】低波动吸筹 - 准备突破,
2025-09-23 12:00:00,112882.19,11.7%,0.96,No,YES,【机会】低波动吸筹 - 准备突破,
2025-09-23 16:00:00,111655.29,11.7%,0.90,No,YES,【机会】低波动吸筹 - 准备突破,
2025-09-23 20:00:00,111998.8,11.7%,0.68,No,No,【正常】市场平稳 - 按策略交易,
2025-09-24 12:00:00,113346.41,11.9%,0.91,No,YES,【机会】低波动吸筹 - 准备突破,
2025-09-24 16:00:00,113420.01,11.8%,0.67,No,No,【正常】市场平稳 - 按策略交易,
2025-09-24 20:00:00,113307.0,11.8%,0.74,No,YES,【机会】低波动吸筹 - 准备突破,
2025-09-25 00:00:00,112546.21,10.0%,0.94,No,YES,【机会】低波动吸筹 - 准备突破,
2025-09-25 04:00:00,111766.72,10.1%,1.00,No,YES,【机会】低波动吸筹 - 准备突破,
2025-09-25 12:00:00,111580.77,10.1%,0.95,No,YES,【机会】低波动吸筹 - 准备突破,
2025-09-25 16:00:00,109360.0,10.6%,0.82,No,YES,【机会】低波动吸筹 - 准备突破,
2025-09-25 20:00:00,108994.49,10.6%,0.75,No,YES,【机会】低波动吸筹 - 准备突破,开多(正常 150%仓位)
2025-09-26 00:00:00,109580.01,10.7%,0.88,No,YES,【机会】低波动吸筹 - 准备突破,平仓(高点)
2025-09-26 04:00:00,109320.02,10.7%,0.92,No,YES,【机会】低波动吸筹 - 准备突破,
2025-09-26 16:00:00,109172.2,10.7%,0.89,No,YES,【机会】低波动吸筹 - 准备突破,
2025-09-26 20:00:00,109643.46,10.7%,0.61,No,No,【正常】市场平稳 - 按策略交易,
2025-09-27 00:00:00,109553.77,10.6%,0.66,No,No,【正常】市场平稳 - 按策略交易,
2025-09-27 04:00:00,109411.2,10.6%,0.68,No,No,【正常】市场平稳 - 按策略交易,
2025-09-27 08:00:00,109310.21,10.6%,0.78,No,YES,【机会】低波动吸筹 - 准备突破,
2025-09-27 12:00:00,109402.24,10.6%,0.73,No,YES,【机会】低波动吸筹 - 准备突破,
2025-09-27 16:00:00,109424.2,10.6%,0.62,No,No,【正常】市场平稳 - 按策略交易,
2025-09-27 20:00:00,109635.85,10.5%,0.59,No,No,【正常】市场平稳 - 按策略交易,
2025-09-29 08:00:00,112100.0,11.1%,0.79,No,YES,【机会】低波动吸筹 - 准备突破,
2025-09-29 12:00:00,113815.57,11.4%,0.93,No,YES,【机会】低波动吸筹 - 准备突破,
2025-09-29 16:00:00,114265.55,11.3%,0.89,No,YES,【机会】低波动吸筹 - 准备突破,开多(正常 150%仓位)
2025-09-29 20:00:00,114311.96,11.3%,0.94,No,YES,【机会】低波动吸筹 - 准备突破,
2025-09-30 00:00:00,114376.39,11.3%,1.00,No,YES,【机会】低波动吸筹 - 准备突破,平仓(高点)
2025-09-30 04:00:00,113699.23,11.1%,0.94,No,YES,【机会】低波动吸筹 - 准备突破,
2025-09-30 08:00:00,113055.01,11.1%,1.00,No,YES,【机会】低波动吸筹 - 准备突破,
2025-09-30 12:00:00,113106.16,11.1%,0.94,No,YES,【机会】低波动吸筹 - 准备突破,
2025-09-30 16:00:00,114359.99,11.2%,0.89,No,YES,【机会】低波动吸筹 - 准备突破,
2025-09-30 20:00:00,114048.93,11.2%,0.86,No,YES,【机会】低波动吸筹 - 准备突破,
2025-10-01 00:00:00,114176.92,11.1%,0.96,No,YES,【机会】低波动吸筹 - 准备突破,
2025-10-01 04:00:00,114539.02,11.1%,0.95,No,YES,【机会】低波动吸筹 - 准备突破,
2025-10-01 08:00:00,116789.58,11.5%,0.84,No,YES,【机会】低波动吸筹 - 准备突破,
2025-10-01 12:00:00,117423.73,11.5%,0.86,No,YES,【机会】低波动吸筹 - 准备突破,
2025-10-01 16:00:00,117439.53,11.3%,0.95,No,YES,【机会】低波动吸筹 - 准备突破,
2025-10-01 20:00:00,118594.99,11.4%,0.85,No,YES,【机会】低波动吸筹 - 准备突破,
2025-10-02 00:00:00,118733.99,11.4%,0.91,No,YES,【机会】低波动吸筹 - 准备突破,
2025-10-02 04:00:00,118489.76,11.3%,0.78,No,YES,【机会】低波动吸筹 - 准备突破,
2025-10-02 08:00:00,118765.73,11.1%,0.72,No,YES,【机会】低波动吸筹 - 准备突破,
2025-10-02 12:00:00,119910.78,11.2%,0.93,No,YES,【机会】低波动吸筹 - 准备突破,
2025-10-02 16:00:00,120836.49,11.0%,0.98,No,YES,【机会】低波动吸筹 - 准备突破,
2025-10-02 20:00:00,120529.35,10.9%,0.78,No,YES,【机会】低波动吸筹 - 准备突破,
2025-10-03 00:00:00,120225.89,10.8%,0.89,No,YES,【机会】低波动吸筹 - 准备突破,
2025-10-03 04:00:00,119640.21,10.9%,0.86,No,YES,【机会】低波动吸筹 - 准备突破,
2025-10-03 08:00:00,120334.5,10.9%,0.89,No,YES,【机会】低波动吸筹 - 准备突破,
2025-10-03 12:00:00,122258.05,11.1%,0.90,No,YES,【机会】低波动吸筹 - 准备突破,
2025-10-03 16:00:00,122660.99,11.1%,0.87,No,YES,【机会】低波动吸筹 - 准备突破,
2025-10-03 20:00:00,122232.0,11.1%,0.66,No,No,【正常】市场平稳 - 按策略交易,
2025-10-04 04:00:00,122324.08,11.1%,0.68,No,No,【正常】市场平稳 - 按策略交易,
2025-10-04 08:00:00,121973.26,11.1%,0.66,No,No,【正常】市场平稳 - 按策略交易,
2025-10-04 12:00:00,121791.31,11.1%,0.71,No,YES,【机会】低波动吸筹 - 准备突破,
2025-10-04 16:00:00,121959.25,11.1%,0.70,No,YES,【机会】低波动吸筹 - 准备突破,
2025-10-04 20:00:00,122391.0,11.1%,0.61,No,No,【正常】市场平稳 - 按策略交易,
2025-10-05 00:00:00,123776.22,11.2%,0.92,No,YES,【机会】低波动吸筹 - 准备突破,
2025-10-05 04:00:00,124713.63,11.2%,0.96,No,YES,【机会】低波动吸筹 - 准备突破,
2025-10-05 08:00:00,123464.64,11.4%,0.82,No,YES,【机会】低波动吸筹 - 准备突破,
2025-10-05 12:00:00,122803.17,11.4%,0.80,No,YES,【机会】低波动吸筹 - 准备突破,
2025-10-05 16:00:00,122591.79,11.4%,0.83,No,YES,【机会】低波动吸筹 - 准备突破,
2025-10-05 20:00:00,123482.31,11.4%,0.64,No,No,【正常】市场平稳 - 按策略交易,
2025-10-06 00:00:00,123839.09,11.3%,0.96,No,YES,【机会】低波动吸筹 - 准备突破,
2025-10-06 04:00:00,123390.47,11.3%,0.81,No,YES,【机会】低波动吸筹 - 准备突破,
2025-10-06 08:00:00,124215.0,11.0%,0.86,No,YES,【机会】低波动吸筹 - 准备突破,
2025-10-06 16:00:00,125410.81,11.1%,0.97,No,YES,【机会】低波动吸筹 - 准备突破,
2025-10-06 20:00:00,124658.54,10.5%,0.71,No,YES,【机会】低波动吸筹 - 准备突破,
2025-10-07 00:00:00,124329.74,10.5%,0.80,No,YES,【机会】低波动吸筹 - 准备突破,
2025-10-07 04:00:00,123667.99,10.2%,0.93,No,YES,【机会】低波动吸筹 - 准备突破,
2025-10-07 08:00:00,124453.38,10.2%,0.83,No,YES,【机会】低波动吸筹 - 准备突破,
2025-10-07 12:00:00,121846.01,10.8%,0.73,No,YES,【机会】低波动吸筹 - 准备突破,
2025-10-07 16:00:00,121637.17,10.8%,0.81,No,YES,【机会】低波动吸筹 - 准备突破,
2025-10-07 20:00:00,121332.95,10.8%,0.78,No,YES,【机会】低波动吸筹 - 准备突破,
2025-10-08 00:00:00,121374.75,10.8%,0.83,No,YES,【机会】低波动吸筹 - 准备突破,
2025-10-08 04:00:00,121597.06,10.8%,0.88,No,YES,【机会】低波动吸筹 - 准备突破,
2025-10-08 08:00:00,122884.14,10.9%,0.91,No,YES,【机会】低波动吸筹 - 准备突破,
2025-10-08 12:00:00,122189.72,10.8%,0.84,No,YES,【机会】低波动吸筹 - 准备突破,
2025-10-08 16:00:00,123450.0,10.9%,0.84,No,YES,【机会】低波动吸筹 - 准备突破,
2025-10-08 20:00:00,123306.0,10.9%,0.60,No,No,【正常】市场平稳 - 按策略交易,
2025-10-09 00:00:00,122038.01,11.1%,0.78,No,YES,【机会】低波动吸筹 - 准备突破,
2025-10-09 04:00:00,121906.1,11.1%,0.64,No,No,【正常】市场平稳 - 按策略交易,
2025-10-09 08:00:00,122737.57,11.1%,0.86,No,YES,【机会】低波动吸筹 - 准备突破,
2025-10-09 12:00:00,121147.14,11.2%,0.80,No,YES,【机会】低波动吸筹 - 准备突破,
2025-10-09 16:00:00,120951.72,11.2%,0.89,No,YES,【机会】低波动吸筹 - 准备突破,
2025-10-09 20:00:00,121662.4,11.2%,0.78,No,YES,【机会】低波动吸筹 - 准备突破,
2025-10-10 00:00:00,121026.01,11.3%,0.71,No,YES,【机会】低波动吸筹 - 准备突破,
2025-10-10 04:00:00,120932.05,11.3%,0.85,No,YES,【机会】低波动吸筹 - 准备突破,
2025-10-10 08:00:00,121554.55,11.3%,0.68,No,No,【正常】市场平稳 - 按策略交易,
2025-10-10 12:00:00,119018.98,11.8%,0.74,No,YES,【机会】低波动吸筹 - 准备突破,
2025-10-10 16:00:00,116661.5,12.2%,0.99,No,YES,【机会】低波动吸筹 - 准备突破,
2025-10-10 20:00:00,112774.5,13.3%,0.86,No,YES,【机会】低波动吸筹 - 准备突破,
2025-10-11 00:00:00,112300.01,13.3%,0.71,No,YES,【机会】低波动吸筹 - 准备突破,
2025-10-11 04:00:00,110384.61,13.6%,0.87,No,YES,【机会】低波动吸筹 - 准备突破,
2025-10-11 08:00:00,112280.0,13.9%,0.63,No,No,【正常】市场平稳 - 按策略交易,
2025-10-11 12:00:00,111793.2,13.9%,0.58,No,No,【正常】市场平稳 - 按策略交易,
2025-10-11 16:00:00,111178.31,13.9%,0.74,No,YES,【机会】低波动吸筹 - 准备突破,
2025-10-11 20:00:00,110644.4,13.9%,0.81,No,YES,【机会】低波动吸筹 - 准备突破,
2025-10-12 00:00:00,110676.0,13.7%,0.82,No,YES,【机会】低波动吸筹 - 准备突破,
2025-10-12 04:00:00,111525.2,13.7%,0.64,No,No,【正常】市场平稳 - 按策略交易,
2025-10-12 08:00:00,111848.36,13.7%,0.67,No,No,【正常】市场平稳 - 按策略交易,
2025-10-12 12:00:00,113198.2,13.8%,0.91,No,YES,【机会】低波动吸筹 - 准备突破,
2025-10-12 16:00:00,114342.28,13.9%,0.95,No,YES,【机会】低波动吸筹 - 准备突破,
2025-10-12 20:00:00,114958.8,13.8%,0.90,No,YES,【机会】低波动吸筹 - 准备突破,
2025-10-13 00:00:00,114821.12,13.8%,0.73,No,YES,【机会】低波动吸筹 - 准备突破,
2025-10-13 04:00:00,115399.67,13.7%,0.68,No,No,【正常】市场平稳 - 按策略交易,
2025-10-13 12:00:00,114312.1,13.8%,0.74,No,YES,【机会】低波动吸筹 - 准备突破,
2025-10-13 16:00:00,115792.84,14.0%,0.51,No,No,【正常】市场平稳 - 按策略交易,
2025-10-14 08:00:00,111313.98,15.2%,0.50,No,No,【正常】市场平稳 - 按策略交易,
2025-10-14 12:00:00,112900.43,15.4%,0.50,No,No,【正常】市场平稳 - 按策略交易,
2025-10-14 16:00:00,112613.7,15.4%,0.83,No,YES,【机会】低波动吸筹 - 准备突破,开多(正常 150%仓位)
2025-10-15 04:00:00,112584.5,15.0%,0.84,No,YES,【机会】低波动吸筹 - 准备突破,平仓(OSCILLATION)
2025-10-15 08:00:00,111905.73,15.0%,0.84,No,YES,【机会】低波动吸筹 - 准备突破,
2025-10-15 12:00:00,110798.01,15.1%,0.96,No,YES,【机会】低波动吸筹 - 准备突破,
2025-10-15 16:00:00,111271.73,15.1%,0.70,No,YES,【机会】低波动吸筹 - 准备突破,
2025-10-15 20:00:00,110763.28,15.1%,0.68,No,No,【正常】市场平稳 - 按策略交易,
2025-10-16 00:00:00,111329.48,15.1%,0.72,No,YES,【机会】低波动吸筹 - 准备突破,
2025-10-16 04:00:00,110584.2,15.2%,0.75,No,YES,【机会】低波动吸筹 - 准备突破,
2025-10-16 08:00:00,111404.72,15.2%,0.86,No,YES,【机会】低波动吸筹 - 准备突破,平仓(高点)
2025-10-16 12:00:00,108549.21,15.8%,0.67,No,YES,【机会】低波动吸筹 - 准备突破,
2025-10-16 16:00:00,108197.66,15.8%,0.78,No,YES,【机会】低波动吸筹 - 准备突破,
2025-10-16 20:00:00,108194.28,15.8%,0.72,No,YES,【机会】低波动吸筹 - 准备突破,
2025-10-17 00:00:00,109176.74,15.8%,0.68,No,No,【正常】市场平稳 - 按策略交易,
2025-10-17 04:00:00,105633.75,16.3%,0.58,No,YES,【机会】低波动吸筹 - 准备突破,
2025-10-17 08:00:00,105683.72,16.1%,0.67,No,YES,【机会】低波动吸筹 - 准备突破,
2025-10-17 12:00:00,106803.53,16.1%,0.90,No,YES,【机会】低波动吸筹 - 准备突破,
2025-10-17 16:00:00,106454.72,16.2%,0.73,No,YES,【机会】低波动吸筹 - 准备突破,
2025-10-17 20:00:00,106431.68,16.2%,0.65,No,No,【正常】市场平稳 - 按策略交易,
2025-10-18 00:00:00,107070.4,16.2%,0.72,No,YES,【机会】低波动吸筹 - 准备突破,
2025-10-18 04:00:00,106665.0,16.2%,0.71,No,YES,【机会】低波动吸筹 - 准备突破,
2025-10-18 08:00:00,107208.6,16.2%,0.66,No,No,【正常】市场平稳 - 按策略交易,
2025-10-18 12:00:00,106948.75,16.1%,0.58,No,No,【正常】市场平稳 - 按策略交易,
2025-10-18 16:00:00,107080.14,16.1%,0.56,No,No,【正常】市场平稳 - 按策略交易,
2025-10-18 20:00:00,107185.01,16.1%,0.59,No,No,【正常】市场平稳 - 按策略交易,
2025-10-19 00:00:00,107275.78,16.1%,0.63,No,No,【正常】市场平稳 - 按策略交易,
2025-10-19 04:00:00,106786.0,15.7%,0.60,No,No,【正常】市场平稳 - 按策略交易,
2025-10-19 08:00:00,107783.47,15.8%,0.86,No,YES,【机会】低波动吸筹 - 准备突破,
2025-10-19 12:00:00,108486.7,15.8%,0.90,No,YES,【机会】低波动吸筹 - 准备突破,
2025-10-19 16:00:00,108908.43,15.8%,0.77,No,YES,【机会】低波动吸筹 - 准备突破,
2025-10-19 20:00:00,108642.78,15.8%,0.71,No,YES,【机会】低波动吸筹 - 准备突破,
2025-10-20 00:00:00,110145.44,15.9%,0.84,No,YES,【机会】低波动吸筹 - 准备突破,
2025-10-20 04:00:00,111169.92,16.0%,0.95,No,YES,【机会】低波动吸筹 - 准备突破,
2025-10-20 08:00:00,111016.75,15.9%,0.86,No,YES,【机会】低波动吸筹 - 准备突破,
2025-10-20 12:00:00,111144.55,15.9%,0.92,No,YES,【机会】低波动吸筹 - 准备突破,
2025-10-20 16:00:00,110803.22,15.9%,0.96,No,YES,【机会】低波动吸筹 - 准备突破,
2025-10-20 20:00:00,110532.09,15.9%,0.76,No,YES,【机会】低波动吸筹 - 准备突破,
2025-10-21 00:00:00,109059.22,16.0%,0.87,No,YES,【机会】低波动吸筹 - 准备突破,
2025-10-21 04:00:00,108086.37,16.0%,0.96,No,YES,【机会】低波动吸筹 - 准备突破,
2025-10-21 08:00:00,108580.01,15.8%,0.87,No,YES,【机会】低波动吸筹 - 准备突破,
2025-10-21 12:00:00,113422.61,17.4%,0.60,No,YES,【机会】低波动吸筹 - 准备突破,
2025-10-21 16:00:00,111780.39,17.5%,0.50,No,YES,【机会】低波动吸筹 - 准备突破,
2025-10-21 20:00:00,108297.67,18.2%,0.83,No,YES,【机会】低波动吸筹 - 准备突破,
2025-10-22 00:00:00,108216.02,18.2%,0.70,No,No,【正常】市场平稳 - 按策略交易,
2025-10-22 04:00:00,108321.63,18.2%,0.96,No,YES,【机会】低波动吸筹 - 准备突破,
2025-10-22 16:00:00,107870.35,18.2%,0.90,No,YES,【机会】低波动吸筹 - 准备突破,
2025-10-22 20:00:00,107567.44,18.1%,0.93,No,YES,【机会】低波动吸筹 - 准备突破,
2025-10-23 00:00:00,108377.96,18.1%,0.66,No,No,【正常】市场平稳 - 按策略交易,
2025-10-23 04:00:00,109269.9,18.1%,0.86,No,YES,【机会】低波动吸筹 - 准备突破,
2025-10-23 08:00:00,109253.89,18.0%,0.66,No,No,【正常】市场平稳 - 按策略交易,
2025-10-23 12:00:00,109908.28,18.1%,0.92,No,YES,【机会】低波动吸筹 - 准备突破,
2025-10-23 16:00:00,110200.0,18.1%,0.87,No,YES,【机会】低波动吸筹 - 准备突破,
2025-10-23 20:00:00,110078.18,18.0%,0.66,No,No,【正常】市场平稳 - 按策略交易,
2025-10-24 00:00:00,110441.46,18.0%,0.63,No,No,【正常】市场平稳 - 按策略交易,
2025-10-24 04:00:00,111054.61,18.1%,0.79,No,YES,【机会】低波动吸筹 - 准备突破,
2025-10-24 08:00:00,111066.29,18.0%,0.67,No,No,【正常】市场平稳 - 按策略交易,
2025-10-24 12:00:00,110046.91,18.0%,0.91,No,YES,【机会】低波动吸筹 - 准备突破,
2025-10-24 16:00:00,110615.07,18.0%,0.53,No,No,【正常】市场平稳 - 按策略交易,
2025-10-24 20:00:00,111004.89,18.0%,0.71,No,YES,【机会】低波动吸筹 - 准备突破,
2025-10-25 00:00:00,111029.99,18.0%,0.59,No,No,【正常】市场平稳 - 按策略交易,
2025-10-25 04:00:00,111489.6,18.0%,0.68,No,No,【正常】市场平稳 - 按策略交易,
2025-10-25 08:00:00,111563.81,17.7%,0.70,No,No,【正常】市场平稳 - 按策略交易,
2025-10-25 12:00:00,111385.18,17.7%,0.70,No,No,【正常】市场平稳 - 按策略交易,
2025-10-25 16:00:00,111623.45,17.7%,0.64,No,No,【正常】市场平稳 - 按策略交易,
2025-10-25 20:00:00,111646.27,17.7%,0.60,No,No,【正常】市场平稳 - 按策略交易,
2025-10-26 00:00:00,111260.46,17.7%,0.70,No,No,【正常】市场平稳 - 按策略交易,
2025-10-26 04:00:00,111723.98,17.6%,0.59,No,No,【正常】市场平稳 - 按策略交易,
2025-10-26 08:00:00,113286.09,17.8%,0.90,No,YES,【机会】低波动吸筹 - 准备突破,
2025-10-27 04:00:00,115554.6,18.0%,0.94,No,YES,【机会】低波动吸筹 - 准备突破,
2025-10-27 12:00:00,114969.68,18.0%,0.75,No,YES,【机会】低波动吸筹 - 准备突破,
2025-10-27 16:00:00,114942.64,17.9%,0.92,No,YES,【机会】低波动吸筹 - 准备突破,
2025-10-27 20:00:00,114107.65,18.0%,0.93,No,YES,【机会】低波动吸筹 - 准备突破,开多(正常 150%仓位)
2025-10-28 00:00:00,113908.24,17.9%,0.93,No,YES,【机会】低波动吸筹 - 准备突破,
2025-10-28 04:00:00,114188.37,17.8%,0.94,No,YES,【机会】低波动吸筹 - 准备突破,
2025-10-28 08:00:00,114357.73,17.8%,0.76,No,YES,【机会】低波动吸筹 - 准备突破,平仓(高点)
2025-10-28 20:00:00,112898.45,17.9%,0.86,No,YES,【机会】低波动吸筹 - 准备突破,
2025-10-29 00:00:00,112523.49,17.9%,0.80,No,YES,【机会】低波动吸筹 - 准备突破,
2025-10-29 04:00:00,113577.9,18.0%,0.75,No,YES,【机会】低波动吸筹 - 准备突破,
2025-10-29 08:00:00,113132.36,17.9%,0.72,No,YES,【机会】低波动吸筹 - 准备突破,
2025-10-29 12:00:00,111509.74,17.8%,0.90,No,YES,【机会】低波动吸筹 - 准备突破,
2025-10-29 16:00:00,110640.0,17.5%,0.93,No,YES,【机会】低波动吸筹 - 准备突破,
2025-10-29 20:00:00,110021.29,16.7%,0.90,No,YES,【机会】低波动吸筹 - 准备突破,
2025-10-30 00:00:00,110751.47,16.8%,0.74,No,YES,【机会】低波动吸筹 - 准备突破,
2025-10-30 04:00:00,111366.72,16.6%,0.99,No,YES,【机会】低波动吸筹 - 准备突破,
2025-10-30 08:00:00,109717.29,16.5%,0.74,No,YES,【机会】低波动吸筹 - 准备突破,
2025-10-30 12:00:00,107711.56,16.7%,0.97,No,YES,【机会】低波动吸筹 - 准备突破,
2025-10-30 16:00:00,106536.39,16.8%,0.93,No,YES,【机会】低波动吸筹 - 准备突破,
2025-10-30 20:00:00,108322.88,17.0%,0.70,No,No,【正常】市场平稳 - 按策略交易,
2025-10-31 00:00:00,109227.86,17.1%,0.92,No,YES,【机会】低波动吸筹 - 准备突破,
2025-10-31 04:00:00,109449.31,17.0%,0.94,No,YES,【机会】低波动吸筹 - 准备突破,
2025-10-31 08:00:00,110415.61,17.1%,0.78,No,YES,【机会】低波动吸筹 - 准备突破,
2025-10-31 12:00:00,110202.9,17.0%,0.89,No,YES,【机会】低波动吸筹 - 准备突破,
2025-10-31 16:00:00,109828.78,16.9%,0.99,No,YES,【机会】低波动吸筹 - 准备突破,
2025-10-31 20:00:00,109608.01,16.9%,0.66,No,No,【正常】市场平稳 - 按策略交易,
2025-11-01 00:00:00,110226.37,16.9%,0.61,No,No,【正常】市场平稳 - 按策略交易,
2025-11-01 04:00:00,110071.4,16.9%,0.61,No,No,【正常】市场平稳 - 按策略交易,
2025-11-01 08:00:00,110137.59,16.8%,0.64,No,No,【正常】市场平稳 - 按策略交易,
2025-11-01 12:00:00,110310.65,16.7%,0.71,No,YES,【机会】低波动吸筹 - 准备突破,
2025-11-01 16:00:00,110299.99,15.5%,0.66,No,No,【正常】市场平稳 - 按策略交易,
2025-11-01 20:00:00,110098.1,15.3%,0.62,No,No,【正常】市场平稳 - 按策略交易,
2025-11-02 04:00:00,110895.53,15.4%,0.91,No,YES,【机会】低波动吸筹 - 准备突破,
2025-11-02 08:00:00,111196.99,15.4%,0.86,No,YES,【机会】低波动吸筹 - 准备突破,
2025-11-02 12:00:00,110117.48,15.4%,0.68,No,No,【正常】市场平稳 - 按策略交易,
2025-11-02 16:00:00,110180.84,15.3%,0.62,No,No,【正常】市场平稳 - 按策略交易,
2025-11-02 20:00:00,110540.68,15.3%,0.79,No,YES,【机会】低波动吸筹 - 准备突破,
2025-11-03 00:00:00,107937.45,15.8%,0.73,No,YES,【机会】低波动吸筹 - 准备突破,
2025-11-03 04:00:00,107468.23,15.8%,0.81,No,YES,【机会】低波动吸筹 - 准备突破,
2025-11-03 08:00:00,107787.42,15.7%,0.93,No,YES,【机会】低波动吸筹 - 准备突破,
2025-11-04 08:00:00,104584.76,16.4%,0.67,No,YES,【机会】低波动吸筹 - 准备突破,
2025-11-04 12:00:00,103197.01,16.0%,0.84,No,YES,【机会】低波动吸筹 - 准备突破,
2025-11-04 16:00:00,100542.64,16.5%,0.88,No,YES,【机会】低波动吸筹 - 准备突破,
2025-11-04 20:00:00,101497.22,16.6%,0.65,No,YES,【机会】低波动吸筹 - 准备突破,
2025-11-05 00:00:00,102130.0,16.6%,0.97,No,YES,【机会】低波动吸筹 - 准备突破,
2025-11-05 04:00:00,101993.02,15.7%,0.86,No,YES,【机会】低波动吸筹 - 准备突破,
2025-11-05 08:00:00,102070.61,15.7%,0.81,No,YES,【机会】低波动吸筹 - 准备突破,
2025-11-05 12:00:00,103728.3,15.9%,0.85,No,YES,【机会】低波动吸筹 - 准备突破,
2025-11-05 16:00:00,104008.09,15.9%,0.84,No,YES,【机会】低波动吸筹 - 准备突破,
2025-11-05 20:00:00,103885.16,15.9%,0.69,No,No,【正常】市场平稳 - 按策略交易,
2025-11-06 00:00:00,103636.03,15.8%,0.81,No,YES,【机会】低波动吸筹 - 准备突破,
2025-11-06 04:00:00,103185.48,15.8%,0.73,No,YES,【机会】低波动吸筹 - 准备突破,
2025-11-06 16:00:00,101388.81,16.0%,0.86,No,YES,【机会】低波动吸筹 - 准备突破,
2025-11-06 20:00:00,101346.04,16.0%,0.63,No,No,【正常】市场平稳 - 按策略交易,
2025-11-07 00:00:00,101916.29,16.1%,0.78,No,YES,【机会】低波动吸筹 - 准备突破,
2025-11-07 04:00:00,102010.0,16.1%,0.71,No,YES,【机会】低波动吸筹 - 准备突破,
2025-11-07 08:00:00,100411.89,16.3%,0.83,No,YES,【机会】低波动吸筹 - 准备突破,
2025-11-07 12:00:00,100797.95,16.3%,0.80,No,YES,【机会】低波动吸筹 - 准备突破,开多(正常 150%仓位)
2025-11-07 16:00:00,103395.25,16.7%,0.78,No,YES,【机会】低波动吸筹 - 准备突破,平仓(高点)
2025-11-07 20:00:00,103339.08,16.7%,0.49,No,No,【正常】市场平稳 - 按策略交易,
2025-11-08 00:00:00,102592.76,16.7%,0.66,No,No,【正常】市场平稳 - 按策略交易,
2025-11-08 04:00:00,102352.96,16.7%,0.66,No,No,【正常】市场平稳 - 按策略交易,
2025-11-08 08:00:00,101857.1,16.6%,0.69,No,No,【正常】市场平稳 - 按策略交易,
2025-11-08 12:00:00,101711.45,16.5%,0.82,No,YES,【机会】低波动吸筹 - 准备突破,
2025-11-08 16:00:00,101989.65,16.5%,0.71,No,YES,【机会】低波动吸筹 - 准备突破,
2025-11-08 20:00:00,102312.94,16.5%,0.61,No,No,【正常】市场平稳 - 按策略交易,
2025-11-09 00:00:00,101662.05,16.5%,0.69,No,No,【正常】市场平稳 - 按策略交易,
2025-11-09 04:00:00,101944.59,16.5%,0.56,No,No,【正常】市场平稳 - 按策略交易,
2025-11-09 08:00:00,102239.41,16.4%,0.75,No,YES,【机会】低波动吸筹 - 准备突破,
2025-11-09 12:00:00,103762.17,16.5%,0.88,No,YES,【机会】低波动吸筹 - 准备突破,
2025-11-09 16:00:00,104805.57,16.6%,0.84,No,YES,【机会】低波动吸筹 - 准备突破,
2025-11-09 20:00:00,104722.96,14.9%,0.89,No,YES,【机会】低波动吸筹 - 准备突破,
2025-11-10 00:00:00,106027.97,14.9%,0.87,No,YES,【机会】低波动吸筹 - 准备突破,
2025-11-10 04:00:00,106461.45,14.1%,0.80,No,YES,【机会】低波动吸筹 - 准备突破,
2025-11-10 08:00:00,106176.5,14.1%,0.78,No,YES,【机会】低波动吸筹 - 准备突破,
2025-11-10 12:00:00,105079.99,14.2%,0.92,No,YES,【机会】低波动吸筹 - 准备突破,
2025-11-10 16:00:00,105817.99,14.2%,0.74,No,YES,【机会】低波动吸筹 - 准备突破,
2025-11-10 20:00:00,106011.13,14.2%,0.88,No,YES,【机会】低波动吸筹 - 准备突破,
2025-11-11 00:00:00,106456.0,14.2%,0.98,No,YES,【机会】低波动吸筹 - 准备突破,
2025-11-11 04:00:00,104783.98,14.3%,0.80,No,YES,【机会】低波动吸筹 - 准备突破,
2025-11-11 08:00:00,105311.9,14.4%,0.60,No,No,【正常】市场平稳 - 按策略交易,
2025-11-11 12:00:00,103455.99,14.6%,0.77,No,YES,【机会】低波动吸筹 - 准备突破,
2025-11-11 16:00:00,103126.39,14.6%,0.74,No,YES,【机会】低波动吸筹 - 准备突破,
2025-11-11 20:00:00,103058.99,14.6%,0.89,No,YES,【机会】低波动吸筹 - 准备突破,
2025-11-12 00:00:00,103310.0,14.6%,0.87,No,YES,【机会】低波动吸筹 - 准备突破,
2025-11-12 04:00:00,103112.66,14.5%,0.77,No,YES,【机会】低波动吸筹 - 准备突破,
2025-11-12 08:00:00,105020.83,14.9%,0.80,No,YES,【机会】低波动吸筹 - 准备突破,
2025-11-13 12:00:00,101382.64,15.8%,0.50,No,YES,【机会】低波动吸筹 - 准备突破,
2025-11-13 16:00:00,98682.14,16.3%,0.92,No,YES,【机会】低波动吸筹 - 准备突破,
2025-11-13 20:00:00,99692.02,16.4%,0.63,No,No,【正常】市场平稳 - 按策略交易,
2025-11-14 00:00:00,99139.38,16.4%,0.84,No,YES,【机会】低波动吸筹 - 准备突破,
2025-11-14 20:00:00,94594.0,17.8%,0.57,No,No,【正常】市场平稳 - 按策略交易,
2025-11-15 00:00:00,96417.12,18.1%,0.39,No,No,【注意】流动性不足 - 谨慎交易,
2025-11-15 04:00:00,96333.86,18.1%,0.53,No,No,【正常】市场平稳 - 按策略交易,
2025-11-15 08:00:00,95696.87,18.2%,0.65,No,No,【正常】市场平稳 - 按策略交易,
2025-11-15 12:00:00,96260.0,18.2%,0.56,No,No,【正常】市场平稳 - 按策略交易,
2025-11-15 16:00:00,96012.01,18.2%,0.59,No,No,【正常】市场平稳 - 按策略交易,
2025-11-15 20:00:00,95596.24,18.2%,0.67,No,No,【正常】市场平稳 - 按策略交易,
2025-11-16 00:00:00,95825.02,18.0%,0.62,No,No,【正常】市场平稳 - 按策略交易,
2025-11-16 04:00:00,96099.99,17.7%,0.62,No,No,【正常】市场平稳 - 按策略交易,
2025-11-16 08:00:00,95627.13,17.7%,0.68,No,No,【正常】市场平稳 - 按策略交易,
2025-11-16 12:00:00,94573.46,17.7%,0.70,No,No,【正常】市场平稳 - 按策略交易,开多(正常 150%仓位)
2025-11-16 16:00:00,94020.0,17.7%,0.95,No,YES,【机会】低波动吸筹 - 准备突破,
2025-11-16 20:00:00,94261.44,17.7%,0.92,No,YES,【机会】低波动吸筹 - 准备突破,
2025-11-17 00:00:00,95496.77,17.9%,0.82,No,YES,【机会】低波动吸筹 - 准备突破,
2025-11-17 04:00:00,95653.77,17.9%,0.79,No,YES,【机会】低波动吸筹 - 准备突破,平仓(高点)
2025-11-17 08:00:00,95565.38,17.8%,0.85,No,YES,【机会】低波动吸筹 - 准备突破,
2025-11-17 12:00:00,93959.67,18.0%,0.84,No,YES,【机会】低波动吸筹 - 准备突破,
2025-11-17 16:00:00,91678.93,18.2%,0.93,No,YES,【机会】低波动吸筹 - 准备突破,
2025-11-17 20:00:00,92215.14,18.3%,0.70,No,YES,【机会】低波动吸筹 - 准备突破,
2025-11-18 00:00:00,90842.72,18.3%,0.79,No,YES,【机会】低波动吸筹 - 准备突破,
2025-11-18 04:00:00,90512.1,18.3%,0.89,No,YES,【机会】低波动吸筹 - 准备突破,
2025-11-18 08:00:00,91517.82,18.4%,0.85,No,YES,【机会】低波动吸筹 - 准备突破,
2025-11-18 12:00:00,92910.1,18.5%,0.96,No,YES,【机会】低波动吸筹 - 准备突破,
2025-11-18 16:00:00,93195.61,18.5%,0.84,No,YES,【机会】低波动吸筹 - 准备突破,
2025-11-18 20:00:00,92960.83,18.4%,0.67,No,No,【正常】市场平稳 - 按策略交易,
2025-11-19 00:00:00,91874.52,18.3%,0.69,No,No,【正常】市场平稳 - 按策略交易,
2025-11-19 04:00:00,91863.64,18.2%,0.88,No,YES,【机会】低波动吸筹 - 准备突破,
2025-11-19 08:00:00,91410.22,18.0%,0.68,No,No,【正常】市场平稳 - 按策略交易,
2025-11-19 12:00:00,89951.7,18.0%,0.89,No,YES,【机会】低波动吸筹 - 准备突破,
2025-11-19 16:00:00,88884.56,18.1%,0.96,No,YES,【机会】低波动吸筹 - 准备突破,
2025-11-20 12:00:00,89869.88,18.1%,0.77,No,YES,【机会】低波动吸筹 - 准备突破,
2025-11-20 16:00:00,86921.28,18.8%,0.56,No,YES,【机会】低波动吸筹 - 准备突破,
2025-11-20 20:00:00,86637.23,18.8%,0.59,No,No,【正常】市场平稳 - 按策略交易,
2025-11-21 00:00:00,85821.34,18.8%,0.94,No,YES,【机会】低波动吸筹 - 准备突破,开多(正常 150%仓位)
2025-11-21 04:00:00,84049.39,19.0%,0.89,No,YES,【机会】低波动吸筹 - 准备突破,平仓(止损-2.06%)
2025-11-21 08:00:00,82309.66,19.2%,1.00,No,YES,【机会】低波动吸筹 - 准备突破,
2025-11-21 16:00:00,84209.3,19.6%,0.56,No,No,【正常】市场平稳 - 按策略交易,
2025-11-22 20:00:00,84739.74,19.7%,0.45,No,No,【正常】市场平稳 - 按策略交易,
2025-11-23 00:00:00,86308.54,20.0%,0.67,No,No,【正常】市场平稳 - 按策略交易,
2025-11-23 04:00:00,85782.19,20.0%,0.47,No,No,【正常】市场平稳 - 按策略交易,
2025-11-23 08:00:00,86331.28,20.0%,0.53,No,No,【正常】市场平稳 - 按策略交易,开多(正常 150%仓位)
2025-11-23 12:00:00,87087.44,20.0%,0.74,No,YES,【机会】低波动吸筹 - 准备突破,
2025-11-23 16:00:00,87325.01,20.0%,0.72,No,YES,【机会】低波动吸筹 - 准备突破,
2025-11-23 20:00:00,86830.0,20.0%,0.69,No,No,【正常】市场平稳 - 按策略交易,
2025-11-24 00:00:00,87460.02,20.1%,0.74,No,YES,【机会】低波动吸筹 - 准备突破,平仓(高点)
2025-11-24 04:00:00,87050.39,19.8%,0.67,No,No,【正常】市场平稳 - 按策略交易,
2025-11-24 08:00:00,86264.72,19.8%,0.77,No,YES,【机会】低波动吸筹 - 准备突破,
2025-11-24 12:00:00,86616.44,19.8%,0.83,No,YES,【机会】低波动吸筹 - 准备突破,
2025-11-24 16:00:00,88327.29,19.6%,0.84,No,YES,【机会】低波动吸筹 - 准备突破,
2025-11-24 20:00:00,88300.01,19.5%,0.71,No,YES,【机会】低波动吸筹 - 准备突破,
2025-11-25 00:00:00,87822.12,19.1%,0.83,No,YES,【机会】低波动吸筹 - 准备突破,
2025-11-25 04:00:00,87384.81,19.1%,0.97,No,YES,【机会】低波动吸筹 - 准备突破,
2025-11-25 08:00:00,87361.71,19.0%,0.95,No,YES,【机会】低波动吸筹 - 准备突破,
2025-11-25 12:00:00,86988.94,19.0%,0.96,No,YES,【机会】低波动吸筹 - 准备突破,
2025-11-25 16:00:00,86882.85,19.0%,0.95,No,YES,【机会】低波动吸筹 - 准备突破,
2025-11-25 20:00:00,87369.96,18.8%,0.80,No,YES,【机会】低波动吸筹 - 准备突破,
2025-11-26 00:00:00,87119.92,18.8%,0.74,No,YES,【机会】低波动吸筹 - 准备突破,
2025-11-26 04:00:00,87935.05,18.9%,0.65,No,No,【正常】市场平稳 - 按策略交易,
2025-11-26 08:00:00,87095.79,18.9%,0.64,No,No,【正常】市场平稳 - 按策略交易,
2025-11-26 20:00:00,90484.02,20.0%,0.52,No,No,【正常】市场平稳 - 按策略交易,
2025-11-27 00:00:00,91091.68,19.9%,0.68,No,YES,【机会】低波动吸筹 - 准备突破,
2025-11-27 04:00:00,91408.34,19.9%,0.80,No,YES,【机会】低波动吸筹 - 准备突破,
2025-11-27 08:00:00,91371.88,19.9%,0.79,No,YES,【机会】低波动吸筹 - 准备突破,
2025-11-27 12:00:00,90958.3,19.9%,0.87,No,YES,【机会】低波动吸筹 - 准备突破,
2025-11-27 16:00:00,91528.21,19.8%,0.72,No,YES,【机会】低波动吸筹 - 准备突破,
2025-11-27 20:00:00,91333.95,19.8%,0.58,No,No,【正常】市场平稳 - 按策略交易,
2025-11-28 00:00:00,91208.85,19.3%,0.80,No,YES,【机会】低波动吸筹 - 准备突破,开多(正常 150%仓位)
2025-11-28 04:00:00,90910.87,19.3%,0.78,No,YES,【机会】低波动吸筹 - 准备突破,
2025-11-28 08:00:00,91437.64,19.3%,0.91,No,YES,【机会】低波动吸筹 - 准备突破,平仓(高点)
2025-11-29 00:00:00,90680.26,19.3%,0.51,No,No,【正常】市场平稳 - 按策略交易,
2025-11-29 04:00:00,90567.67,19.3%,0.64,No,No,【正常】市场平稳 - 按策略交易,
2025-11-30 04:00:00,90968.16,19.3%,0.57,No,No,【正常】市场平稳 - 按策略交易,
2025-11-30 08:00:00,91048.78,19.3%,0.96,No,YES,【机会】低波动吸筹 - 准备突破,
2025-11-30 12:00:00,91435.31,19.3%,0.97,No,YES,【机会】低波动吸筹 - 准备突破,
2025-11-30 16:00:00,91460.79,19.3%,0.72,No,YES,【机会】低波动吸筹 - 准备突破,
2025-11-30 20:00:00,90360.0,19.4%,0.84,No,YES,【机会】低波动吸筹 - 准备突破,
2025-12-01 00:00:00,86346.13,20.6%,0.68,No,YES,【机会】低波动吸筹 - 准备突破,
2025-12-01 04:00:00,86550.3,20.4%,0.53,No,YES,【机会】低波动吸筹 - 准备突破,
2025-12-01 08:00:00,86149.15,20.3%,0.93,No,YES,【机会】低波动吸筹 - 准备突破,
2025-12-01 12:00:00,84677.87,20.5%,0.88,No,YES,【机会】低波动吸筹 - 准备突破,
2025-12-01 16:00:00,85024.5,20.4%,0.79,No,YES,【机会】低波动吸筹 - 准备突破,
2025-12-01 20:00:00,86286.01,20.5%,0.89,No,YES,【机会】低波动吸筹 - 准备突破,
2025-12-02 00:00:00,86976.99,20.6%,0.93,No,YES,【机会】低波动吸筹 - 准备突破,
2025-12-02 04:00:00,87012.65,20.5%,0.73,No,YES,【机会】低波动吸筹 - 准备突破,
2025-12-02 08:00:00,87368.92,20.5%,0.96,No,YES,【机会】低波动吸筹 - 准备突破,
2025-12-02 12:00:00,90850.01,21.6%,0.64,No,YES,【机会】低波动吸筹 - 准备突破,
2025-12-02 16:00:00,91903.39,21.6%,0.72,No,YES,【机会】低波动吸筹 - 准备突破,
2025-12-02 20:00:00,91277.88,21.5%,0.82,No,YES,【机会】低波动吸筹 - 准备突破,
2025-12-03 00:00:00,92628.91,21.7%,0.78,No,YES,【机会】低波动吸筹 - 准备突破,
2025-12-03 04:00:00,92999.99,21.5%,0.89,No,YES,【机会】低波动吸筹 - 准备突破,
2025-12-03 08:00:00,93005.68,21.5%,0.79,No,YES,【机会】低波动吸筹 - 准备突破,
2025-12-03 12:00:00,92373.3,21.5%,0.93,No,YES,【机会】低波动吸筹 - 准备突破,
2025-12-03 16:00:00,93024.99,21.6%,0.76,No,YES,【机会】低波动吸筹 - 准备突破,
2025-12-03 20:00:00,93429.95,21.6%,0.89,No,YES,【机会】低波动吸筹 - 准备突破,
2025-12-04 12:00:00,92971.49,21.4%,0.90,No,YES,【机会】低波动吸筹 - 准备突破,
2025-12-04 16:00:00,91975.44,20.7%,0.94,No,YES,【机会】低波动吸筹 - 准备突破,
2025-12-04 20:00:00,92078.06,20.3%,0.60,No,No,【正常】市场平稳 - 按策略交易,
2025-12-05 00:00:00,92142.75,20.2%,0.72,No,YES,【机会】低波动吸筹 - 准备突破,
2025-12-05 04:00:00,92258.65,20.2%,0.67,No,No,【正常】市场平稳 - 按策略交易,
2025-12-05 08:00:00,91351.43,18.9%,0.71,No,YES,【机会】低波动吸筹 - 准备突破,
2025-12-05 12:00:00,90459.35,18.7%,1.00,No,YES,【机会】低波动吸筹 - 准备突破,
2025-12-05 16:00:00,89629.26,18.8%,0.99,No,YES,【机会】低波动吸筹 - 准备突破,
2025-12-05 20:00:00,89330.04,18.8%,0.75,No,YES,【机会】低波动吸筹 - 准备突破,
2025-12-06 00:00:00,89688.35,18.7%,0.64,No,No,【正常】市场平稳 - 按策略交易,
2025-12-06 04:00:00,89597.13,18.7%,0.56,No,No,【正常】市场平稳 - 按策略交易,
2025-12-06 08:00:00,89631.28,18.7%,0.72,No,YES,【机会】低波动吸筹 - 准备突破,
2025-12-06 12:00:00,89758.77,18.7%,0.82,No,YES,【机会】低波动吸筹 - 准备突破,
2025-12-06 16:00:00,89405.64,18.7%,0.69,No,No,【正常】市场平稳 - 按策略交易,
2025-12-06 20:00:00,89236.79,18.7%,0.67,No,No,【正常】市场平稳 - 按策略交易,
2025-12-07 20:00:00,90395.31,18.8%,0.85,No,YES,【机会】低波动吸筹 - 准备突破,
2025-12-08 00:00:00,91068.29,18.8%,0.94,No,YES,【机会】低波动吸筹 - 准备突破,
2025-12-08 04:00:00,91565.46,18.8%,0.83,No,YES,【机会】低波动吸筹 - 准备突破,
2025-12-08 20:00:00,90634.34,18.7%,0.77,No,YES,【机会】低波动吸筹 - 准备突破,
2025-12-09 16:00:00,93800.83,19.6%,0.55,No,YES,【机会】低波动吸筹 - 准备突破,
2025-12-09 20:00:00,92678.8,19.7%,0.53,No,No,【正常】市场平稳 - 按策略交易,
2025-12-10 00:00:00,92410.62,19.5%,0.79,No,YES,【机会】低波动吸筹 - 准备突破,
2025-12-10 04:00:00,92782.91,19.1%,0.69,No,No,【正常】市场平稳 - 按策略交易,
2025-12-10 12:00:00,92063.69,19.1%,0.82,No,YES,【机会】低波动吸筹 - 准备突破,
2025-12-10 16:00:00,92957.67,19.0%,0.83,No,YES,【机会】低波动吸筹 - 准备突破,
2025-12-10 20:00:00,92015.37,19.1%,0.80,No,YES,【机会】低波动吸筹 - 准备突破,开多(正常 150%仓位)
2025-12-11 00:00:00,89880.01,19.4%,0.87,No,YES,【机会】低波动吸筹 - 准备突破,
2025-12-11 04:00:00,90272.75,19.2%,0.58,No,No,【正常】市场平稳 - 按策略交易,
2025-12-11 08:00:00,90242.35,19.2%,0.70,No,No,【正常】市场平稳 - 按策略交易,
2025-12-11 12:00:00,89872.51,19.2%,0.96,No,YES,【机会】低波动吸筹 - 准备突破,
2025-12-11 16:00:00,90839.81,19.2%,0.85,No,YES,【机会】低波动吸筹 - 准备突破,
2025-12-11 20:00:00,92513.38,19.4%,0.92,No,YES,【机会】低波动吸筹 - 准备突破,
2025-12-12 00:00:00,92283.4,19.4%,0.63,No,No,【正常】市场平稳 - 按策略交易,
2025-12-12 04:00:00,92425.34,19.3%,0.69,No,No,【正常】市场平稳 - 按策略交易,
2025-12-12 08:00:00,92418.19,19.2%,0.74,No,YES,【机会】低波动吸筹 - 准备突破,
2025-12-12 12:00:00,89935.14,19.6%,0.73,No,YES,【机会】低波动吸筹 - 准备突破,
2025-12-13 16:00:00,90178.16,18.8%,0.33,No,No,【注意】流动性不足 - 谨慎交易,
2025-12-13 20:00:00,90240.01,18.8%,0.61,No,No,【正常】市场平稳 - 按策略交易,
2025-12-14 00:00:00,90258.98,18.8%,0.64,No,No,【正常】市场平稳 - 按策略交易,
2025-12-14 04:00:00,90245.6,18.4%,0.65,No,No,【正常】市场平稳 - 按策略交易,
2025-12-14 08:00:00,89360.0,18.2%,0.89,No,YES,【机会】低波动吸筹 - 准备突破,
2025-12-14 12:00:00,89022.91,17.9%,0.86,No,YES,【机会】低波动吸筹 - 准备突破,
2025-12-14 16:00:00,88644.88,17.9%,0.90,No,YES,【机会】低波动吸筹 - 准备突破,
2025-12-14 20:00:00,88172.17,17.6%,0.99,No,YES,【机会】低波动吸筹 - 准备突破,
2025-12-15 04:00:00,89753.42,17.8%,0.63,No,No,【正常】市场平稳 - 按策略交易,
2025-12-15 08:00:00,89641.28,17.8%,0.74,No,YES,【机会】低波动吸筹 - 准备突破,
2025-12-15 12:00:00,87033.22,18.4%,0.72,No,YES,【机会】低波动吸筹 - 准备突破,
2025-12-15 16:00:00,86149.96,18.4%,0.81,No,YES,【机会】低波动吸筹 - 准备突破,
2025-12-15 20:00:00,86432.08,18.4%,0.87,No,YES,【机会】低波动吸筹 - 准备突破,
2025-12-16 00:00:00,85875.92,18.4%,0.90,No,YES,【机会】低波动吸筹 - 准备突破,
2025-12-16 04:00:00,86021.51,18.4%,0.92,No,YES,【机会】低波动吸筹 - 准备突破,
2025-12-16 08:00:00,87261.45,18.5%,0.87,No,YES,【机会】低波动吸筹 - 准备突破,
2025-12-16 12:00:00,87977.43,18.5%,0.94,No,YES,【机会】低波动吸筹 - 准备突破,
2025-12-16 16:00:00,87585.77,18.3%,0.87,No,YES,【机会】低波动吸筹 - 准备突破,
2025-12-16 20:00:00,87863.42,18.3%,0.65,No,No,【正常】市场平稳 - 按策略交易,
2025-12-17 08:00:00,86983.26,18.3%,0.69,No,No,【正常】市场平稳 - 按策略交易,
2025-12-17 12:00:00,87233.44,18.3%,0.87,No,YES,【机会】低波动吸筹 - 准备突破,
2025-12-17 16:00:00,86018.53,18.4%,0.83,No,YES,【机会】低波动吸筹 - 准备突破,
2025-12-17 20:00:00,86243.22,18.4%,0.61,No,No,【正常】市场平稳 - 按策略交易,开多(正常 150%仓位)
2025-12-18 00:00:00,86618.34,18.4%,0.76,No,YES,【机会】低波动吸筹 - 准备突破,
2025-12-18 04:00:00,86833.84,18.4%,0.73,No,YES,【机会】低波动吸筹 - 准备突破,
2025-12-18 08:00:00,87300.74,18.4%,0.78,No,YES,【机会】低波动吸筹 - 准备突破,
2025-12-19 04:00:00,87953.4,18.4%,0.98,No,YES,【机会】低波动吸筹 - 准备突破,平仓(转SHORT)
2025-12-19 08:00:00,88198.7,18.4%,0.71,No,YES,【机会】低波动吸筹 - 准备突破,
2025-12-19 12:00:00,87951.87,17.3%,0.94,No,YES,【机会】低波动吸筹 - 准备突破,
2025-12-19 16:00:00,87845.92,17.2%,0.98,No,YES,【机会】低波动吸筹 - 准备突破,
2025-12-19 20:00:00,88136.94,17.2%,0.72,No,YES,【机会】低波动吸筹 - 准备突破,
2025-12-20 00:00:00,88214.98,17.2%,0.62,No,No,【正常】市场平稳 - 按策略交易,
2025-12-20 04:00:00,88275.41,17.2%,0.61,No,No,【正常】市场平稳 - 按策略交易,
2025-12-20 20:00:00,88360.9,17.2%,0.60,No,No,【正常】市场平稳 - 按策略交易,
2025-12-21 00:00:00,88070.64,17.2%,0.64,No,No,【正常】市场平稳 - 按策略交易,
2025-12-21 04:00:00,88174.79,17.2%,0.54,No,No,【正常】市场平稳 - 按策略交易,
2025-12-21 20:00:00,88658.86,17.2%,0.63,No,No,【正常】市场平稳 - 按策略交易,
2025-12-22 00:00:00,88774.12,17.2%,0.96,No,YES,【机会】低波动吸筹 - 准备突破,
2025-12-22 04:00:00,89170.1,17.2%,0.81,No,YES,【机会】低波动吸筹 - 准备突破,
2025-12-22 08:00:00,89945.43,17.2%,0.96,No,YES,【机会】低波动吸筹 - 准备突破,平仓(高点)
2025-12-22 12:00:00,89726.92,17.2%,0.89,No,YES,【机会】低波动吸筹 - 准备突破,
2025-12-22 16:00:00,88052.43,17.5%,0.84,No,YES,【机会】低波动吸筹 - 准备突破,
2025-12-22 20:00:00,88620.79,17.5%,0.72,No,YES,【机会】低波动吸筹 - 准备突破,
2025-12-23 00:00:00,88170.0,17.5%,0.88,No,YES,【机会】低波动吸筹 - 准备突破,
2025-12-23 04:00:00,87574.79,17.4%,0.98,No,YES,【机会】低波动吸筹 - 准备突破,
2025-12-23 08:00:00,87856.65,15.9%,0.86,No,YES,【机会】低波动吸筹 - 准备突破,
2025-12-23 12:00:00,87443.45,15.9%,0.92,No,YES,【机会】低波动吸筹 - 准备突破,
2025-12-23 16:00:00,87752.87,15.9%,0.92,No,YES,【机会】低波动吸筹 - 准备突破,
2025-12-23 20:00:00,87486.0,15.7%,0.93,No,YES,【机会】低波动吸筹 - 准备突破,
2025-12-24 04:00:00,86911.53,15.7%,0.81,No,YES,【机会】低波动吸筹 - 准备突破,
2025-12-24 12:00:00,87049.99,15.5%,0.92,No,YES,【机会】低波动吸筹 - 准备突破,
2025-12-24 16:00:00,87566.06,15.5%,0.88,No,YES,【机会】低波动吸筹 - 准备突破,
2025-12-24 20:00:00,87669.45,15.5%,0.69,No,No,【正常】市场平稳 - 按策略交易,开多(正常 150%仓位)
2025-12-25 00:00:00,87840.42,15.5%,0.66,No,No,【正常】市场平稳 - 按策略交易,
2025-12-25 16:00:00,88151.18,14.1%,0.77,No,YES,【机会】低波动吸筹 - 准备突破,平仓(OSCILLATION)
2025-12-25 20:00:00,87225.27,14.1%,0.85,No,YES,【机会】低波动吸筹 - 准备突破,
2025-12-26 00:00:00,88844.87,14.4%,0.71,No,YES,【机会】低波动吸筹 - 准备突破,
2025-12-26 04:00:00,88470.75,14.2%,0.77,No,YES,【机会】低波动吸筹 - 准备突破,
2025-12-26 08:00:00,88533.42,14.2%,0.78,No,YES,【机会】低波动吸筹 - 准备突破,
2025-12-26 20:00:00,87369.56,14.3%,0.64,No,No,【正常】市场平稳 - 按策略交易,
2025-12-27 00:00:00,87514.22,14.3%,0.53,No,No,【正常】市场平稳 - 按策略交易,
2025-12-27 12:00:00,87551.25,14.2%,0.70,No,YES,【机会】低波动吸筹 - 准备突破,
2025-12-27 16:00:00,87569.39,14.2%,0.66,No,No,【正常】市场平稳 - 按策略交易,
2025-12-27 20:00:00,87877.01,14.2%,0.74,No,YES,【机会】低波动吸筹 - 准备突破,
2025-12-28 00:00:00,87740.01,14.1%,0.66,No,No,【正常】市场平稳 - 按策略交易,开空(BULLISH反转 150%仓位)
2025-12-28 04:00:00,87730.85,14.1%,0.63,No,No,【正常】市场平稳 - 按策略交易,
2025-12-28 08:00:00,87883.25,14.1%,0.73,No,YES,【机会】低波动吸筹 - 准备突破,
2025-12-28 12:00:00,87836.27,14.1%,0.74,No,YES,【机会】低波动吸筹 - 准备突破,
2025-12-28 16:00:00,87520.75,14.0%,0.75,No,YES,【机会】低波动吸筹 - 准备突破,
2025-12-28 20:00:00,87952.71,14.0%,0.70,No,YES,【机会】低波动吸筹 - 准备突破,
2025-12-29 00:00:00,90123.55,14.5%,0.80,No,YES,【机会】低波动吸筹 - 准备突破,
2025-12-29 04:00:00,89617.71,14.5%,0.70,No,YES,【机会】低波动吸筹 - 准备突破,
2025-12-29 08:00:00,87567.66,14.9%,0.83,No,YES,【机会】低波动吸筹 - 准备突破,
2025-12-29 12:00:00,87691.62,14.9%,0.76,No,YES,【机会】低波动吸筹 - 准备突破,
2025-12-30 04:00:00,87502.85,14.9%,0.81,No,YES,【机会】低波动吸筹 - 准备突破,
2025-12-30 08:00:00,87903.89,14.9%,0.93,No,YES,【机会】低波动吸筹 - 准备突破,
2025-12-30 12:00:00,89016.35,15.1%,0.92,No,YES,【机会】低波动吸筹 - 准备突破,
2025-12-30 16:00:00,88226.16,15.1%,0.78,No,YES,【机会】低波动吸筹 - 准备突破,
2025-12-30 20:00:00,88485.49,15.0%,0.70,No,YES,【机会】低波动吸筹 - 准备突破,
2025-12-31 00:00:00,88453.04,14.9%,0.75,No,YES,【机会】低波动吸筹 - 准备突破,
2025-12-31 04:00:00,88613.12,14.9%,0.72,No,YES,【机会】低波动吸筹 - 准备突破,
2025-12-31 08:00:00,89011.52,14.9%,0.89,No,YES,【机会】低波动吸筹 - 准备突破,
2025-12-31 20:00:00,87648.22,13.9%,0.64,No,No,【正常】市场平稳 - 按策略交易,
2026-01-01 00:00:00,87846.02,13.8%,0.50,No,No,【正常】市场平稳 - 按策略交易,
2026-01-01 04:00:00,87631.88,13.8%,0.69,No,No,【正常】市场平稳 - 按策略交易,开多(正常 150%仓位)
2026-01-01 08:00:00,88024.64,13.8%,0.62,No,No,【正常】市场平稳 - 按策略交易,
2026-01-01 12:00:00,88032.18,13.8%,0.71,No,YES,【机会】低波动吸筹 - 准备突破,
2026-01-02 20:00:00,89995.13,14.2%,0.67,No,No,【正常】市场平稳 - 按策略交易,平仓(转SHORT)
2026-01-03 00:00:00,90321.22,14.1%,0.59,No,No,【正常】市场平稳 - 按策略交易,
2026-01-03 04:00:00,89577.13,13.6%,0.85,No,YES,【机会】低波动吸筹 - 准备突破,
2026-01-03 08:00:00,89752.74,13.6%,0.74,No,YES,【机会】低波动吸筹 - 准备突破,开多(正常 150%仓位)
2026-01-03 12:00:00,89969.31,13.6%,0.79,No,YES,【机会】低波动吸筹 - 准备突破,
2026-01-03 16:00:00,90123.77,13.6%,0.63,No,No,【正常】市场平稳 - 按策略交易,
2026-01-03 20:00:00,90628.01,13.5%,0.84,No,YES,【机会】低波动吸筹 - 准备突破,
2026-01-04 00:00:00,91236.78,13.3%,0.99,No,YES,【机会】低波动吸筹 - 准备突破,
2026-01-04 04:00:00,91532.0,13.3%,0.97,No,YES,【机会】低波动吸筹 - 准备突破,平仓(高点)
2026-01-04 08:00:00,91300.0,13.3%,0.94,No,YES,【机会】低波动吸筹 - 准备突破,
2026-01-04 16:00:00,91138.07,13.3%,0.80,No,YES,【机会】低波动吸筹 - 准备突破,
2026-01-04 20:00:00,91529.73,12.6%,0.66,No,No,【正常】市场平稳 - 按策略交易,
2026-01-05 00:00:00,92878.22,12.8%,0.90,No,YES,【机会】低波动吸筹 - 准备突破,
2026-01-05 04:00:00,92520.63,12.8%,0.75,No,YES,【机会】低波动吸筹 - 准备突破,
2026-01-05 08:00:00,93134.26,12.8%,0.90,No,YES,【机会】低波动吸筹 - 准备突破,
2026-01-05 12:00:00,93957.73,12.9%,0.98,No,YES,【机会】低波动吸筹 - 准备突破,
2026-01-05 16:00:00,94303.4,12.8%,0.95,No,YES,【机会】低波动吸筹 - 准备突破,平仓(高点)
2026-01-05 20:00:00,93859.71,12.8%,0.92,No,YES,【机会】低波动吸筹 - 准备突破,
2026-01-06 00:00:00,93769.24,12.8%,0.83,No,YES,【机会】低波动吸筹 - 准备突破,
2026-01-06 04:00:00,93255.08,12.8%,0.94,No,YES,【机会】低波动吸筹 - 准备突破,
2026-01-06 08:00:00,93840.0,12.5%,0.71,No,YES,【机会】低波动吸筹 - 准备突破,
2026-01-06 12:00:00,93648.99,12.5%,0.92,No,YES,【机会】低波动吸筹 - 准备突破,
2026-01-07 00:00:00,92815.83,11.7%,0.93,No,YES,【机会】低波动吸筹 - 准备突破,
2026-01-07 04:00:00,92879.13,11.6%,0.60,No,No,【正常】市场平稳 - 按策略交易,
2026-01-08 08:00:00,90226.77,12.5%,0.65,No,No,【正常】市场平稳 - 按策略交易,
2026-01-08 12:00:00,90781.57,12.4%,0.65,No,No,【正常】市场平稳 - 按策略交易,
2026-01-08 16:00:00,90937.41,12.4%,0.91,No,YES,【机会】低波动吸筹 - 准备突破,
2026-01-08 20:00:00,91099.99,12.2%,0.82,No,YES,【机会】低波动吸筹 - 准备突破,
2026-01-09 00:00:00,91220.23,12.2%,0.79,No,YES,【机会】低波动吸筹 - 准备突破,
2026-01-09 04:00:00,90741.84,12.2%,0.72,No,YES,【机会】低波动吸筹 - 准备突破,
2026-01-09 08:00:00,90463.11,12.2%,0.97,No,YES,【机会】低波动吸筹 - 准备突破,
2026-01-09 12:00:00,91176.47,12.1%,0.89,No,YES,【机会】低波动吸筹 - 准备突破,
2026-01-09 16:00:00,90332.15,12.2%,0.83,No,YES,【机会】低波动吸筹 - 准备突破,
2026-01-09 20:00:00,90641.28,12.0%,0.60,No,No,【正常】市场平稳 - 按策略交易,
2026-01-10 00:00:00,90626.14,12.0%,0.57,No,No,【正常】市场平稳 - 按策略交易,
2026-01-10 04:00:00,90678.5,12.0%,0.60,No,No,【正常】市场平稳 - 按策略交易,
2026-01-10 08:00:00,90723.86,12.0%,0.64,No,No,【正常】市场平稳 - 按策略交易,
2026-01-10 12:00:00,90665.75,12.0%,0.58,No,No,【正常】市场平稳 - 按策略交易,
2026-01-10 16:00:00,90626.54,11.9%,0.62,No,No,【正常】市场平稳 - 按策略交易,
2026-01-10 20:00:00,90504.7,11.9%,0.62,No,No,【正常】市场平稳 - 按策略交易,
2026-01-11 00:00:00,90733.5,11.9%,0.59,No,No,【正常】市场平稳 - 按策略交易,
2026-01-11 04:00:00,90710.79,11.9%,0.62,No,No,【正常】市场平稳 - 按策略交易,
2026-01-11 08:00:00,90754.99,11.9%,0.69,No,No,【正常】市场平稳 - 按策略交易,
2026-01-11 12:00:00,90875.79,11.9%,0.84,No,YES,【机会】低波动吸筹 - 准备突破,
2026-01-11 16:00:00,90690.8,11.9%,0.77,No,YES,【机会】低波动吸筹 - 准备突破,
2026-01-11 20:00:00,91013.65,11.9%,0.94,No,YES,【机会】低波动吸筹 - 准备突破,
2026-01-12 00:00:00,91808.12,12.0%,0.95,No,YES,【机会】低波动吸筹 - 准备突破,
2026-01-12 04:00:00,91408.09,12.0%,0.87,No,YES,【机会】低波动吸筹 - 准备突破,
2026-01-12 08:00:00,90620.96,12.1%,0.96,No,YES,【机会】低波动吸筹 - 准备突破,
2026-01-12 12:00:00,91665.0,12.2%,0.80,No,YES,【机会】低波动吸筹 - 准备突破,
2026-01-12 16:00:00,91861.27,12.2%,0.91,No,YES,【机会】低波动吸筹 - 准备突破,
2026-01-12 20:00:00,91296.2,12.1%,0.90,No,YES,【机会】低波动吸筹 - 准备突破,
2026-01-13 00:00:00,91408.91,12.1%,0.91,No,YES,【机会】低波动吸筹 - 准备突破,
2026-01-13 04:00:00,91942.0,11.8%,0.95,No,YES,【机会】低波动吸筹 - 准备突破,
2026-01-13 08:00:00,92000.74,11.7%,0.95,No,YES,【机会】低波动吸筹 - 准备突破,
2026-01-13 12:00:00,93449.99,12.0%,0.85,No,YES,【机会】低波动吸筹 - 准备突破,
2026-01-13 16:00:00,94226.84,12.0%,0.93,No,YES,【机会】低波动吸筹 - 准备突破,
2026-01-13 20:00:00,95414.0,12.1%,0.96,No,YES,【机会】低波动吸筹 - 准备突破,
2026-01-14 08:00:00,94792.99,12.1%,0.65,No,No,【正常】市场平稳 - 按策略交易,
2026-01-14 12:00:00,96764.57,12.5%,0.73,No,YES,【机会】低波动吸筹 - 准备突破,
2026-01-14 16:00:00,97267.42,12.5%,0.84,No,YES,【机会】低波动吸筹 - 准备突破,
2026-01-14 20:00:00,96951.78,12.5%,0.90,No,YES,【机会】低波动吸筹 - 准备突破,开多(正常 150%仓位)
2026-01-15 00:00:00,95985.1,12.6%,0.86,No,YES,【机会】低波动吸筹 - 准备突破,
2026-01-15 04:00:00,96630.48,12.6%,0.64,No,No,【正常】市场平稳 - 按策略交易,
2026-01-15 08:00:00,96581.08,12.6%,0.85,No,YES,【机会】低波动吸筹 - 准备突破,
2026-01-15 12:00:00,96737.04,12.6%,0.98,No,YES,【机会】低波动吸筹 - 准备突破,
2026-01-15 16:00:00,95516.01,12.8%,0.86,No,YES,【机会】低波动吸筹 - 准备突破,
2026-01-15 20:00:00,95604.8,12.7%,0.55,No,No,【正常】市场平稳 - 按策略交易,
2026-01-16 00:00:00,95354.69,12.4%,0.64,No,No,【正常】市场平稳 - 按策略交易,
2026-01-16 04:00:00,95653.16,12.3%,0.77,No,YES,【机会】低波动吸筹 - 准备突破,
2026-01-16 08:00:00,95429.09,12.4%,0.67,No,No,【正常】市场平稳 - 按策略交易,
2026-01-17 04:00:00,95101.67,12.2%,0.59,No,No,【正常】市场平稳 - 按策略交易,
2026-01-17 08:00:00,95323.86,12.2%,0.55,No,No,【正常】市场平稳 - 按策略交易,
2026-01-17 12:00:00,95573.64,12.2%,0.77,No,YES,【机会】低波动吸筹 - 准备突破,
2026-01-17 16:00:00,95291.38,12.2%,0.57,No,No,【正常】市场平稳 - 按策略交易,
2026-01-17 20:00:00,95147.77,12.2%,0.59,No,No,【正常】市场平稳 - 按策略交易,
2026-01-18 00:00:00,95200.29,12.2%,0.66,No,No,【正常】市场平稳 - 按策略交易,
2026-01-18 04:00:00,95028.27,12.2%,0.66,No,No,【正常】市场平稳 - 按策略交易,
2026-01-18 20:00:00,93673.14,12.4%,0.88,No,YES,【机会】低波动吸筹 - 准备突破,
2026-01-19 00:00:00,92690.09,12.5%,0.96,No,YES,【机会】低波动吸筹 - 准备突破,
2026-01-19 04:00:00,92841.62,12.5%,0.88,No,YES,【机会】低波动吸筹 - 准备突破,
2026-01-19 08:00:00,93191.96,12.5%,0.98,No,YES,【机会】低波动吸筹 - 准备突破,
2026-01-19 12:00:00,93068.62,11.9%,0.95,No,YES,【机会】低波动吸筹 - 准备突破,
2026-01-19 16:00:00,93105.85,11.9%,0.87,No,YES,【机会】低波动吸筹 - 准备突破,
2026-01-19 20:00:00,92631.0,11.3%,0.94,No,YES,【机会】低波动吸筹 - 准备突破,
2026-01-20 00:00:00,92434.92,11.3%,0.92,No,YES,【机会】低波动吸筹 - 准备突破,
